filepath,filename,solver,state,runtime (ms),parse-time (ms),Ifc,atoms_valued_both
data\Dataset_A\sig10_15_25\srs_0.txt,srs_0.txt,Max-SAT,solution found,0.81,15.25,14,"[1, 2, 4]"
data\Dataset_A\sig10_15_25\srs_0.txt,srs_0.txt,ASP,solution found,3.41,15.25,14,"[1, 2, 4]"
data\Dataset_A\sig10_15_25\srs_1.txt,srs_1.txt,Max-SAT,solution found,0.93,13.59,21,"[2, 4, 6, 9]"
data\Dataset_A\sig10_15_25\srs_1.txt,srs_1.txt,ASP,solution found,3.81,13.59,21,"[2, 4, 6, 9]"
data\Dataset_A\sig10_15_25\srs_10.txt,srs_10.txt,Max-SAT,solution found,0.79,10.04,10,"[3, 5]"
data\Dataset_A\sig10_15_25\srs_10.txt,srs_10.txt,ASP,solution found,4.05,10.04,10,"[3, 5]"
data\Dataset_A\sig10_15_25\srs_100.txt,srs_100.txt,Max-SAT,solution found,0.83,15.02,20,"[1, 4, 6, 7, 9, 10]"
data\Dataset_A\sig10_15_25\srs_100.txt,srs_100.txt,ASP,solution found,3.79,15.02,20,"[4, 6, 7, 9, 10]"
data\Dataset_A\sig10_15_25\srs_101.txt,srs_101.txt,Max-SAT,solution found,0.86,14.44,21,"[1, 2, 3, 4, 5, 10]"
data\Dataset_A\sig10_15_25\srs_101.txt,srs_101.txt,ASP,solution found,4.17,14.44,21,"[1, 4, 5, 10]"
data\Dataset_A\sig10_15_25\srs_102.txt,srs_102.txt,Max-SAT,solution found,0.77,14.34,13,"[2, 3, 10]"
data\Dataset_A\sig10_15_25\srs_102.txt,srs_102.txt,ASP,solution found,3.97,14.34,13,"[2, 3, 10]"
data\Dataset_A\sig10_15_25\srs_103.txt,srs_103.txt,Max-SAT,solution found,0.83,15.48,20,"[5, 7, 8, 9, 10]"
data\Dataset_A\sig10_15_25\srs_103.txt,srs_103.txt,ASP,solution found,4.29,15.48,21,"[1, 5, 7, 9, 10]"
data\Dataset_A\sig10_15_25\srs_104.txt,srs_104.txt,Max-SAT,solution found,0.92,14.61,19,"[6, 7, 8, 9, 10]"
data\Dataset_A\sig10_15_25\srs_104.txt,srs_104.txt,ASP,solution found,4.26,14.61,19,"[6, 7, 8, 9, 10]"
data\Dataset_A\sig10_15_25\srs_105.txt,srs_105.txt,Max-SAT,solution found,0.73,11.41,6,[4]
data\Dataset_A\sig10_15_25\srs_105.txt,srs_105.txt,ASP,solution found,3.54,11.41,6,"[4, 8]"
data\Dataset_A\sig10_15_25\srs_106.txt,srs_106.txt,Max-SAT,solution found,1.29,11.83,11,"[4, 8]"
data\Dataset_A\sig10_15_25\srs_106.txt,srs_106.txt,ASP,solution found,3.79,11.83,11,"[4, 8]"
data\Dataset_A\sig10_15_25\srs_107.txt,srs_107.txt,Max-SAT,solution found,0.96,19.77,11,"[1, 4, 5, 10]"
data\Dataset_A\sig10_15_25\srs_107.txt,srs_107.txt,ASP,solution found,3.83,19.77,11,"[1, 4, 5, 10]"
data\Dataset_A\sig10_15_25\srs_108.txt,srs_108.txt,Max-SAT,solution found,1.41,16.98,23,"[1, 3, 4, 5, 7, 8, 9]"
data\Dataset_A\sig10_15_25\srs_108.txt,srs_108.txt,ASP,solution found,5.34,16.98,23,"[1, 3, 4, 5, 7, 8, 9]"
data\Dataset_A\sig10_15_25\srs_109.txt,srs_109.txt,Max-SAT,solution found,0.89,11.52,20,"[3, 4, 5, 6, 7, 8, 10]"
data\Dataset_A\sig10_15_25\srs_109.txt,srs_109.txt,ASP,solution found,3.99,11.52,20,"[3, 4, 6, 7, 8, 10]"
data\Dataset_A\sig10_15_25\srs_11.txt,srs_11.txt,Max-SAT,solution found,0.78,9.68,18,"[1, 3, 4, 6, 7]"
data\Dataset_A\sig10_15_25\srs_11.txt,srs_11.txt,ASP,solution found,3.51,9.68,18,"[1, 4, 6, 7]"
data\Dataset_A\sig10_15_25\srs_110.txt,srs_110.txt,Max-SAT,solution found,0.85,12.21,22,"[1, 2, 4, 5, 6, 8, 9]"
data\Dataset_A\sig10_15_25\srs_110.txt,srs_110.txt,ASP,solution found,3.69,12.21,22,"[1, 2, 4, 5, 6, 8, 9]"
data\Dataset_A\sig10_15_25\srs_111.txt,srs_111.txt,Max-SAT,solution found,0.80,24.35,13,"[1, 2, 5, 6, 7]"
data\Dataset_A\sig10_15_25\srs_111.txt,srs_111.txt,ASP,solution found,3.73,24.35,15,"[2, 3, 5, 6, 7]"
data\Dataset_A\sig10_15_25\srs_112.txt,srs_112.txt,Max-SAT,solution found,0.84,28.03,14,"[3, 4, 8, 9, 10]"
data\Dataset_A\sig10_15_25\srs_112.txt,srs_112.txt,ASP,solution found,3.63,28.03,15,"[1, 3, 4, 7, 9, 10]"
data\Dataset_A\sig10_15_25\srs_113.txt,srs_113.txt,Max-SAT,solution found,1.30,25.26,22,"[1, 3, 4, 5, 6]"
data\Dataset_A\sig10_15_25\srs_113.txt,srs_113.txt,ASP,solution found,3.89,25.26,22,"[1, 3, 4, 5, 6]"
data\Dataset_A\sig10_15_25\srs_114.txt,srs_114.txt,Max-SAT,solution found,0.87,35.54,10,"[4, 7]"
data\Dataset_A\sig10_15_25\srs_114.txt,srs_114.txt,ASP,solution found,3.69,35.54,10,"[4, 7]"
data\Dataset_A\sig10_15_25\srs_115.txt,srs_115.txt,Max-SAT,solution found,1.04,45.51,19,"[1, 2, 4, 7, 8, 9, 10]"
data\Dataset_A\sig10_15_25\srs_115.txt,srs_115.txt,ASP,solution found,3.35,45.51,20,"[2, 5, 6, 7, 8, 9, 10]"
data\Dataset_A\sig10_15_25\srs_116.txt,srs_116.txt,Max-SAT,solution found,0.77,27.41,10,"[5, 9]"
data\Dataset_A\sig10_15_25\srs_116.txt,srs_116.txt,ASP,solution found,4.94,27.41,10,"[5, 9]"
data\Dataset_A\sig10_15_25\srs_117.txt,srs_117.txt,Max-SAT,solution found,1.32,32.22,23,"[1, 2, 3, 4, 5, 6, 8, 9, 10]"
data\Dataset_A\sig10_15_25\srs_117.txt,srs_117.txt,ASP,solution found,3.70,32.22,23,"[1, 3, 4, 5, 6, 8, 9, 10]"
data\Dataset_A\sig10_15_25\srs_118.txt,srs_118.txt,Max-SAT,solution found,0.90,35.81,20,"[3, 4, 5, 6]"
data\Dataset_A\sig10_15_25\srs_118.txt,srs_118.txt,ASP,solution found,4.00,35.81,20,"[3, 4, 5, 6]"
data\Dataset_A\sig10_15_25\srs_119.txt,srs_119.txt,Max-SAT,solution found,0.82,23.96,18,"[1, 3, 5, 7, 9, 10]"
data\Dataset_A\sig10_15_25\srs_119.txt,srs_119.txt,ASP,solution found,3.80,23.96,18,"[1, 3, 5, 7, 9, 10]"
data\Dataset_A\sig10_15_25\srs_12.txt,srs_12.txt,Max-SAT,solution found,0.74,26.61,10,"[1, 4]"
data\Dataset_A\sig10_15_25\srs_12.txt,srs_12.txt,ASP,solution found,3.68,26.61,10,"[1, 4]"
data\Dataset_A\sig10_15_25\srs_120.txt,srs_120.txt,Max-SAT,solution found,0.92,24.32,19,"[1, 2, 3, 4, 5, 7]"
data\Dataset_A\sig10_15_25\srs_120.txt,srs_120.txt,ASP,solution found,3.93,24.32,20,"[2, 3, 4, 6, 7, 9]"
data\Dataset_A\sig10_15_25\srs_121.txt,srs_121.txt,Max-SAT,solution found,1.05,32.05,15,"[1, 2, 4, 5, 7, 9]"
data\Dataset_A\sig10_15_25\srs_121.txt,srs_121.txt,ASP,solution found,4.21,32.05,16,"[1, 4, 5, 7, 8, 9, 10]"
data\Dataset_A\sig10_15_25\srs_122.txt,srs_122.txt,Max-SAT,solution found,0.81,26.84,16,"[2, 7, 8, 9]"
data\Dataset_A\sig10_15_25\srs_122.txt,srs_122.txt,ASP,solution found,3.89,26.84,16,"[2, 7, 8, 9]"
data\Dataset_A\sig10_15_25\srs_123.txt,srs_123.txt,Max-SAT,solution found,1.23,31.38,21,"[1, 2, 3, 5, 6, 8, 9, 10]"
data\Dataset_A\sig10_15_25\srs_123.txt,srs_123.txt,ASP,solution found,4.01,31.38,21,"[2, 3, 5, 6, 8, 9, 10]"
data\Dataset_A\sig10_15_25\srs_124.txt,srs_124.txt,Max-SAT,solution found,0.89,30.01,12,"[1, 8, 9, 10]"
data\Dataset_A\sig10_15_25\srs_124.txt,srs_124.txt,ASP,solution found,5.33,30.01,12,"[1, 8, 9, 10]"
data\Dataset_A\sig10_15_25\srs_125.txt,srs_125.txt,Max-SAT,solution found,0.87,27.74,12,"[1, 9, 10]"
data\Dataset_A\sig10_15_25\srs_125.txt,srs_125.txt,ASP,solution found,3.30,27.74,12,"[1, 9, 10]"
data\Dataset_A\sig10_15_25\srs_126.txt,srs_126.txt,Max-SAT,solution found,1.74,33.42,21,"[1, 2, 4, 7, 8, 9]"
data\Dataset_A\sig10_15_25\srs_126.txt,srs_126.txt,ASP,solution found,4.08,33.42,21,"[1, 2, 4, 7, 8, 9]"
data\Dataset_A\sig10_15_25\srs_127.txt,srs_127.txt,Max-SAT,solution found,0.78,39.28,15,"[2, 3, 9, 10]"
data\Dataset_A\sig10_15_25\srs_127.txt,srs_127.txt,ASP,solution found,3.42,39.28,15,"[2, 3, 9, 10]"
data\Dataset_A\sig10_15_25\srs_128.txt,srs_128.txt,Max-SAT,solution found,0.75,29.49,13,"[2, 4, 6, 10]"
data\Dataset_A\sig10_15_25\srs_128.txt,srs_128.txt,ASP,solution found,3.42,29.49,14,"[2, 3, 4, 10]"
data\Dataset_A\sig10_15_25\srs_129.txt,srs_129.txt,Max-SAT,solution found,0.83,31.38,18,"[1, 2, 4, 5, 6, 8]"
data\Dataset_A\sig10_15_25\srs_129.txt,srs_129.txt,ASP,solution found,4.19,31.38,18,"[1, 2, 4, 5, 6, 8]"
data\Dataset_A\sig10_15_25\srs_13.txt,srs_13.txt,Max-SAT,solution found,0.82,33.07,21,"[2, 3, 4, 6, 7, 9, 10]"
data\Dataset_A\sig10_15_25\srs_13.txt,srs_13.txt,ASP,solution found,3.78,33.07,21,"[2, 3, 7, 8, 9, 10]"
data\Dataset_A\sig10_15_25\srs_130.txt,srs_130.txt,Max-SAT,solution found,0.86,27.81,21,"[4, 6, 7, 8, 10]"
data\Dataset_A\sig10_15_25\srs_130.txt,srs_130.txt,ASP,solution found,3.91,27.81,21,"[4, 6, 7, 8, 10]"
data\Dataset_A\sig10_15_25\srs_131.txt,srs_131.txt,Max-SAT,solution found,0.79,35.35,13,"[2, 3, 4, 5]"
data\Dataset_A\sig10_15_25\srs_131.txt,srs_131.txt,ASP,solution found,3.29,35.35,13,"[2, 3, 5]"
data\Dataset_A\sig10_15_25\srs_132.txt,srs_132.txt,Max-SAT,solution found,0.78,23.03,16,"[1, 3, 4, 5, 8, 10]"
data\Dataset_A\sig10_15_25\srs_132.txt,srs_132.txt,ASP,solution found,3.70,23.03,17,"[3, 4, 5, 7, 8, 10]"
data\Dataset_A\sig10_15_25\srs_133.txt,srs_133.txt,Max-SAT,solution found,0.79,25.77,17,"[1, 3, 4, 5, 6]"
data\Dataset_A\sig10_15_25\srs_133.txt,srs_133.txt,ASP,solution found,4.35,25.77,17,"[1, 3, 4, 5, 6]"
data\Dataset_A\sig10_15_25\srs_134.txt,srs_134.txt,Max-SAT,solution found,0.71,20.42,9,"[2, 3, 6]"
data\Dataset_A\sig10_15_25\srs_134.txt,srs_134.txt,ASP,solution found,3.25,20.42,9,"[2, 3, 6]"
data\Dataset_A\sig10_15_25\srs_135.txt,srs_135.txt,Max-SAT,solution found,0.92,32.58,19,"[1, 2, 3, 4, 8, 10]"
data\Dataset_A\sig10_15_25\srs_135.txt,srs_135.txt,ASP,solution found,3.68,32.58,19,"[2, 3, 4, 6, 8, 10]"
data\Dataset_A\sig10_15_25\srs_136.txt,srs_136.txt,Max-SAT,solution found,0.93,38.12,24,"[1, 2, 3, 4, 6, 7, 8]"
data\Dataset_A\sig10_15_25\srs_136.txt,srs_136.txt,ASP,solution found,4.07,38.12,24,"[1, 2, 3, 4, 6, 7, 8]"
data\Dataset_A\sig10_15_25\srs_137.txt,srs_137.txt,Max-SAT,solution found,0.74,29.77,16,"[2, 4, 6, 7, 9, 10]"
data\Dataset_A\sig10_15_25\srs_137.txt,srs_137.txt,ASP,solution found,3.32,29.77,16,"[2, 4, 5, 6, 7, 9]"
data\Dataset_A\sig10_15_25\srs_138.txt,srs_138.txt,Max-SAT,solution found,0.78,28.49,13,"[3, 4, 5, 7, 8, 9]"
data\Dataset_A\sig10_15_25\srs_138.txt,srs_138.txt,ASP,solution found,4.85,28.49,13,"[3, 4, 5, 7, 8, 9]"
data\Dataset_A\sig10_15_25\srs_139.txt,srs_139.txt,Max-SAT,solution found,0.97,29.20,13,"[2, 5, 7]"
data\Dataset_A\sig10_15_25\srs_139.txt,srs_139.txt,ASP,solution found,3.73,29.20,13,"[2, 5, 7]"
data\Dataset_A\sig10_15_25\srs_14.txt,srs_14.txt,Max-SAT,solution found,0.84,30.37,8,"[2, 6]"
data\Dataset_A\sig10_15_25\srs_14.txt,srs_14.txt,ASP,solution found,3.91,30.37,8,"[2, 6]"
data\Dataset_A\sig10_15_25\srs_140.txt,srs_140.txt,Max-SAT,solution found,0.82,32.90,21,"[1, 3, 4, 5, 8]"
data\Dataset_A\sig10_15_25\srs_140.txt,srs_140.txt,ASP,solution found,4.34,32.90,21,"[1, 3, 4, 5, 8, 9, 10]"
data\Dataset_A\sig10_15_25\srs_141.txt,srs_141.txt,Max-SAT,solution found,0.87,38.48,20,"[3, 6, 7, 9]"
data\Dataset_A\sig10_15_25\srs_141.txt,srs_141.txt,ASP,solution found,4.08,38.48,20,"[3, 6, 7, 9]"
data\Dataset_A\sig10_15_25\srs_142.txt,srs_142.txt,Max-SAT,solution found,1.03,33.45,18,"[1, 2, 4, 6, 7, 9]"
data\Dataset_A\sig10_15_25\srs_142.txt,srs_142.txt,ASP,solution found,4.32,33.45,18,"[1, 2, 4, 6, 9]"
data\Dataset_A\sig10_15_25\srs_143.txt,srs_143.txt,Max-SAT,solution found,0.96,30.30,10,"[6, 8]"
data\Dataset_A\sig10_15_25\srs_143.txt,srs_143.txt,ASP,solution found,3.45,30.30,11,"[3, 8]"
data\Dataset_A\sig10_15_25\srs_144.txt,srs_144.txt,Max-SAT,solution found,0.73,26.42,13,"[2, 3, 4, 8, 10]"
data\Dataset_A\sig10_15_25\srs_144.txt,srs_144.txt,ASP,solution found,4.41,26.42,13,"[2, 3, 4, 8, 10]"
data\Dataset_A\sig10_15_25\srs_145.txt,srs_145.txt,Max-SAT,solution found,0.81,31.74,15,"[2, 3, 5, 6, 8, 9]"
data\Dataset_A\sig10_15_25\srs_145.txt,srs_145.txt,ASP,solution found,3.76,31.74,15,"[2, 3, 5, 6, 8, 9]"
data\Dataset_A\sig10_15_25\srs_146.txt,srs_146.txt,Max-SAT,solution found,0.79,24.27,15,"[2, 5, 6, 7, 8, 9]"
data\Dataset_A\sig10_15_25\srs_146.txt,srs_146.txt,ASP,solution found,3.40,24.27,16,"[1, 5, 6, 7, 8, 9]"
data\Dataset_A\sig10_15_25\srs_147.txt,srs_147.txt,Max-SAT,solution found,0.90,35.71,14,"[2, 3, 8]"
data\Dataset_A\sig10_15_25\srs_147.txt,srs_147.txt,ASP,solution found,6.63,35.71,14,"[2, 3, 8, 9]"
data\Dataset_A\sig10_15_25\srs_148.txt,srs_148.txt,Max-SAT,solution found,1.66,25.40,22,"[1, 2, 6, 7, 9]"
data\Dataset_A\sig10_15_25\srs_148.txt,srs_148.txt,ASP,solution found,4.08,25.40,22,"[1, 2, 6, 9, 10]"
data\Dataset_A\sig10_15_25\srs_149.txt,srs_149.txt,Max-SAT,solution found,0.71,19.05,11,"[1, 3, 4, 6]"
data\Dataset_A\sig10_15_25\srs_149.txt,srs_149.txt,ASP,solution found,3.66,19.05,12,"[1, 3, 4, 6, 8]"
data\Dataset_A\sig10_15_25\srs_15.txt,srs_15.txt,Max-SAT,solution found,0.93,35.56,24,"[1, 2, 4, 5, 7, 8, 9, 10]"
data\Dataset_A\sig10_15_25\srs_15.txt,srs_15.txt,ASP,solution found,4.01,35.56,24,"[1, 2, 4, 5, 7, 8, 9, 10]"
data\Dataset_A\sig10_15_25\srs_150.txt,srs_150.txt,Max-SAT,solution found,0.89,34.58,16,"[4, 5, 9, 10]"
data\Dataset_A\sig10_15_25\srs_150.txt,srs_150.txt,ASP,solution found,4.80,34.58,16,"[4, 5, 9, 10]"
data\Dataset_A\sig10_15_25\srs_151.txt,srs_151.txt,Max-SAT,solution found,0.85,27.97,18,"[2, 5, 8, 9, 10]"
data\Dataset_A\sig10_15_25\srs_151.txt,srs_151.txt,ASP,solution found,6.12,27.97,18,"[2, 5, 8, 9, 10]"
data\Dataset_A\sig10_15_25\srs_152.txt,srs_152.txt,Max-SAT,solution found,0.78,30.79,10,"[2, 3, 6]"
data\Dataset_A\sig10_15_25\srs_152.txt,srs_152.txt,ASP,solution found,3.62,30.79,10,"[2, 3, 6]"
data\Dataset_A\sig10_15_25\srs_153.txt,srs_153.txt,Max-SAT,solution found,0.97,34.84,21,"[1, 4, 8, 9, 10]"
data\Dataset_A\sig10_15_25\srs_153.txt,srs_153.txt,ASP,solution found,3.80,34.84,21,"[1, 4, 8, 9, 10]"
data\Dataset_A\sig10_15_25\srs_154.txt,srs_154.txt,Max-SAT,solution found,0.74,26.42,12,"[7, 9, 10]"
data\Dataset_A\sig10_15_25\srs_154.txt,srs_154.txt,ASP,solution found,4.37,26.42,13,"[2, 7, 9, 10]"
data\Dataset_A\sig10_15_25\srs_155.txt,srs_155.txt,Max-SAT,solution found,1.11,35.38,23,"[1, 2, 4, 5, 6, 8, 9]"
data\Dataset_A\sig10_15_25\srs_155.txt,srs_155.txt,ASP,solution found,4.41,35.38,24,"[1, 2, 4, 5, 6, 7, 8]"
data\Dataset_A\sig10_15_25\srs_156.txt,srs_156.txt,Max-SAT,solution found,0.89,34.91,20,"[2, 3, 5, 6, 8]"
data\Dataset_A\sig10_15_25\srs_156.txt,srs_156.txt,ASP,solution found,3.88,34.91,20,"[2, 3, 5, 6, 8]"
data\Dataset_A\sig10_15_25\srs_157.txt,srs_157.txt,Max-SAT,solution found,0.83,32.76,18,"[1, 4, 7, 8, 9]"
data\Dataset_A\sig10_15_25\srs_157.txt,srs_157.txt,ASP,solution found,3.95,32.76,18,"[1, 2, 4, 7, 8, 9]"
data\Dataset_A\sig10_15_25\srs_158.txt,srs_158.txt,Max-SAT,solution found,1.01,34.15,20,"[2, 3, 5, 8, 9, 10]"
data\Dataset_A\sig10_15_25\srs_158.txt,srs_158.txt,ASP,solution found,4.50,34.15,20,"[2, 3, 5, 8, 9, 10]"
data\Dataset_A\sig10_15_25\srs_159.txt,srs_159.txt,Max-SAT,solution found,1.20,34.92,24,"[1, 2, 3, 5, 7, 8, 9, 10]"
data\Dataset_A\sig10_15_25\srs_159.txt,srs_159.txt,ASP,solution found,4.09,34.92,24,"[1, 2, 3, 5, 7, 8, 9, 10]"
data\Dataset_A\sig10_15_25\srs_16.txt,srs_16.txt,Max-SAT,solution found,0.89,32.70,24,"[2, 3, 4, 5, 7, 9, 10]"
data\Dataset_A\sig10_15_25\srs_16.txt,srs_16.txt,ASP,solution found,3.93,32.70,24,"[3, 4, 5, 7, 9, 10]"
data\Dataset_A\sig10_15_25\srs_160.txt,srs_160.txt,Max-SAT,solution found,0.83,28.84,8,"[5, 7]"
data\Dataset_A\sig10_15_25\srs_160.txt,srs_160.txt,ASP,solution found,3.40,28.84,8,"[5, 7]"
data\Dataset_A\sig10_15_25\srs_161.txt,srs_161.txt,Max-SAT,solution found,0.69,28.69,9,"[5, 7]"
data\Dataset_A\sig10_15_25\srs_161.txt,srs_161.txt,ASP,solution found,3.10,28.69,9,"[5, 7]"
data\Dataset_A\sig10_15_25\srs_162.txt,srs_162.txt,Max-SAT,solution found,0.81,35.09,17,"[1, 2, 4, 5, 7, 9]"
data\Dataset_A\sig10_15_25\srs_162.txt,srs_162.txt,ASP,solution found,5.90,35.09,17,"[1, 2, 4, 5, 7, 9]"
data\Dataset_A\sig10_15_25\srs_163.txt,srs_163.txt,Max-SAT,solution found,0.89,29.49,8,"[7, 8]"
data\Dataset_A\sig10_15_25\srs_163.txt,srs_163.txt,ASP,solution found,4.70,29.49,8,"[7, 8]"
data\Dataset_A\sig10_15_25\srs_164.txt,srs_164.txt,Max-SAT,solution found,0.74,31.72,11,"[1, 3, 9, 10]"
data\Dataset_A\sig10_15_25\srs_164.txt,srs_164.txt,ASP,solution found,3.66,31.72,11,"[1, 3, 9, 10]"
data\Dataset_A\sig10_15_25\srs_165.txt,srs_165.txt,Max-SAT,solution found,0.87,26.01,21,"[1, 2, 4, 5, 6, 9]"
data\Dataset_A\sig10_15_25\srs_165.txt,srs_165.txt,ASP,solution found,5.78,26.01,21,"[1, 4, 5, 6, 9, 10]"
data\Dataset_A\sig10_15_25\srs_166.txt,srs_166.txt,Max-SAT,solution found,1.47,31.02,14,"[2, 5, 7]"
data\Dataset_A\sig10_15_25\srs_166.txt,srs_166.txt,ASP,solution found,3.48,31.02,14,"[2, 5, 7]"
data\Dataset_A\sig10_15_25\srs_167.txt,srs_167.txt,Max-SAT,solution found,0.75,29.99,14,"[1, 3, 4, 8, 9]"
data\Dataset_A\sig10_15_25\srs_167.txt,srs_167.txt,ASP,solution found,3.30,29.99,14,"[1, 3, 4, 8, 9]"
data\Dataset_A\sig10_15_25\srs_168.txt,srs_168.txt,Max-SAT,solution found,0.75,26.98,12,"[2, 3, 8, 10]"
data\Dataset_A\sig10_15_25\srs_168.txt,srs_168.txt,ASP,solution found,3.27,26.98,12,"[2, 3, 5, 8, 10]"
data\Dataset_A\sig10_15_25\srs_169.txt,srs_169.txt,Max-SAT,solution found,0.95,35.20,17,"[2, 3, 10]"
data\Dataset_A\sig10_15_25\srs_169.txt,srs_169.txt,ASP,solution found,4.03,35.20,17,"[2, 3, 10]"
data\Dataset_A\sig10_15_25\srs_17.txt,srs_17.txt,Max-SAT,solution found,0.90,33.40,21,"[1, 3, 4, 5, 8, 9]"
data\Dataset_A\sig10_15_25\srs_17.txt,srs_17.txt,ASP,solution found,3.81,33.40,22,"[3, 4, 5, 6, 7, 8, 9]"
data\Dataset_A\sig10_15_25\srs_170.txt,srs_170.txt,Max-SAT,solution found,0.81,32.67,16,"[2, 3, 4, 9]"
data\Dataset_A\sig10_15_25\srs_170.txt,srs_170.txt,ASP,solution found,3.97,32.67,16,"[2, 3, 4, 9]"
data\Dataset_A\sig10_15_25\srs_171.txt,srs_171.txt,Max-SAT,solution found,0.90,30.65,10,"[6, 10]"
data\Dataset_A\sig10_15_25\srs_171.txt,srs_171.txt,ASP,solution found,3.19,30.65,10,"[6, 10]"
data\Dataset_A\sig10_15_25\srs_172.txt,srs_172.txt,Max-SAT,solution found,0.73,28.44,14,"[4, 5, 10]"
data\Dataset_A\sig10_15_25\srs_172.txt,srs_172.txt,ASP,solution found,3.25,28.44,14,"[2, 4, 5, 10]"
data\Dataset_A\sig10_15_25\srs_173.txt,srs_173.txt,Max-SAT,solution found,0.88,29.47,15,"[5, 6, 8]"
data\Dataset_A\sig10_15_25\srs_173.txt,srs_173.txt,ASP,solution found,4.20,29.47,15,"[5, 6, 8]"
data\Dataset_A\sig10_15_25\srs_174.txt,srs_174.txt,Max-SAT,solution found,0.93,37.76,23,"[1, 2, 3, 4, 5, 7, 9, 10]"
data\Dataset_A\sig10_15_25\srs_174.txt,srs_174.txt,ASP,solution found,4.05,37.76,23,"[2, 3, 4, 5, 6, 7, 9, 10]"
data\Dataset_A\sig10_15_25\srs_175.txt,srs_175.txt,Max-SAT,solution found,1.33,36.52,24,"[1, 3, 5, 7, 8, 10]"
data\Dataset_A\sig10_15_25\srs_175.txt,srs_175.txt,ASP,solution found,4.73,36.52,24,"[1, 4, 5, 8, 10]"
data\Dataset_A\sig10_15_25\srs_176.txt,srs_176.txt,Max-SAT,solution found,0.92,31.83,22,"[1, 2, 3, 5, 6, 7, 9]"
data\Dataset_A\sig10_15_25\srs_176.txt,srs_176.txt,ASP,solution found,4.09,31.83,23,"[1, 2, 3, 5, 7, 10]"
data\Dataset_A\sig10_15_25\srs_177.txt,srs_177.txt,Max-SAT,solution found,0.84,31.85,14,"[4, 5, 6, 10]"
data\Dataset_A\sig10_15_25\srs_177.txt,srs_177.txt,ASP,solution found,4.08,31.85,15,"[4, 6, 9, 10]"
data\Dataset_A\sig10_15_25\srs_178.txt,srs_178.txt,Max-SAT,solution found,1.01,31.45,11,"[7, 8]"
data\Dataset_A\sig10_15_25\srs_178.txt,srs_178.txt,ASP,solution found,3.48,31.45,11,"[7, 8]"
data\Dataset_A\sig10_15_25\srs_179.txt,srs_179.txt,Max-SAT,solution found,0.73,28.77,13,"[5, 8, 10]"
data\Dataset_A\sig10_15_25\srs_179.txt,srs_179.txt,ASP,solution found,4.49,28.77,13,"[5, 8, 10]"
data\Dataset_A\sig10_15_25\srs_18.txt,srs_18.txt,Max-SAT,solution found,0.92,32.17,16,"[1, 4, 5, 6, 9, 10]"
data\Dataset_A\sig10_15_25\srs_18.txt,srs_18.txt,ASP,solution found,4.62,32.17,16,"[4, 5, 6, 9, 10]"
data\Dataset_A\sig10_15_25\srs_180.txt,srs_180.txt,Max-SAT,solution found,0.71,22.05,9,"[2, 4]"
data\Dataset_A\sig10_15_25\srs_180.txt,srs_180.txt,ASP,solution found,3.53,22.05,9,"[2, 4]"
data\Dataset_A\sig10_15_25\srs_181.txt,srs_181.txt,Max-SAT,solution found,0.80,32.83,17,"[1, 2, 5]"
data\Dataset_A\sig10_15_25\srs_181.txt,srs_181.txt,ASP,solution found,3.61,32.83,17,"[1, 2, 5]"
data\Dataset_A\sig10_15_25\srs_182.txt,srs_182.txt,Max-SAT,solution found,0.60,29.94,9,"[1, 6, 8]"
data\Dataset_A\sig10_15_25\srs_182.txt,srs_182.txt,ASP,solution found,3.67,29.94,9,"[1, 6, 8]"
data\Dataset_A\sig10_15_25\srs_183.txt,srs_183.txt,Max-SAT,solution found,0.84,27.25,15,"[2, 8, 10]"
data\Dataset_A\sig10_15_25\srs_183.txt,srs_183.txt,ASP,solution found,4.06,27.25,15,"[2, 8, 10]"
data\Dataset_A\sig10_15_25\srs_184.txt,srs_184.txt,Max-SAT,solution found,0.76,24.41,15,"[3, 5, 6, 7, 8, 10]"
data\Dataset_A\sig10_15_25\srs_184.txt,srs_184.txt,ASP,solution found,3.46,24.41,15,"[3, 5, 6, 7, 8, 10]"
data\Dataset_A\sig10_15_25\srs_185.txt,srs_185.txt,Max-SAT,solution found,1.07,36.10,19,"[2, 4, 6, 8, 9]"
data\Dataset_A\sig10_15_25\srs_185.txt,srs_185.txt,ASP,solution found,3.68,36.10,20,"[2, 6, 7, 8, 9]"
data\Dataset_A\sig10_15_25\srs_186.txt,srs_186.txt,Max-SAT,solution found,0.96,32.25,17,"[4, 5, 8]"
data\Dataset_A\sig10_15_25\srs_186.txt,srs_186.txt,ASP,solution found,3.93,32.25,17,"[2, 4, 7, 8, 9]"
data\Dataset_A\sig10_15_25\srs_187.txt,srs_187.txt,Max-SAT,solution found,0.94,34.50,24,"[1, 2, 4, 5, 6, 8, 9, 10]"
data\Dataset_A\sig10_15_25\srs_187.txt,srs_187.txt,ASP,solution found,4.06,34.50,24,"[1, 2, 4, 5, 6, 8, 10]"
data\Dataset_A\sig10_15_25\srs_188.txt,srs_188.txt,Max-SAT,solution found,1.01,31.20,19,"[1, 2, 3, 4, 5, 6, 8]"
data\Dataset_A\sig10_15_25\srs_188.txt,srs_188.txt,ASP,solution found,3.55,31.20,19,"[1, 3, 4, 5, 6, 8]"
data\Dataset_A\sig10_15_25\srs_189.txt,srs_189.txt,Max-SAT,solution found,0.81,30.08,18,"[1, 6, 8, 9]"
data\Dataset_A\sig10_15_25\srs_189.txt,srs_189.txt,ASP,solution found,4.47,30.08,18,"[1, 6, 8, 9]"
data\Dataset_A\sig10_15_25\srs_19.txt,srs_19.txt,Max-SAT,solution found,0.79,29.37,15,"[4, 5, 7, 9, 10]"
data\Dataset_A\sig10_15_25\srs_19.txt,srs_19.txt,ASP,solution found,3.54,29.37,15,"[4, 5, 7, 9, 10]"
data\Dataset_A\sig10_15_25\srs_190.txt,srs_190.txt,Max-SAT,solution found,0.91,31.83,17,"[1, 4, 5, 6, 9]"
data\Dataset_A\sig10_15_25\srs_190.txt,srs_190.txt,ASP,solution found,3.51,31.83,17,"[1, 4, 5, 6, 9]"
data\Dataset_A\sig10_15_25\srs_191.txt,srs_191.txt,Max-SAT,solution found,0.83,32.02,18,"[1, 4, 7, 10]"
data\Dataset_A\sig10_15_25\srs_191.txt,srs_191.txt,ASP,solution found,5.67,32.02,18,"[1, 4, 7, 10]"
data\Dataset_A\sig10_15_25\srs_192.txt,srs_192.txt,Max-SAT,solution found,0.95,35.82,21,"[3, 5, 6, 9, 10]"
data\Dataset_A\sig10_15_25\srs_192.txt,srs_192.txt,ASP,solution found,4.77,35.82,22,"[4, 5, 6, 9, 10]"
data\Dataset_A\sig10_15_25\srs_193.txt,srs_193.txt,Max-SAT,solution found,1.14,35.12,21,"[3, 4, 5, 7, 8]"
data\Dataset_A\sig10_15_25\srs_193.txt,srs_193.txt,ASP,solution found,4.70,35.12,21,"[3, 4, 5, 7, 10]"
data\Dataset_A\sig10_15_25\srs_194.txt,srs_194.txt,Max-SAT,solution found,0.93,28.49,20,"[1, 3, 6, 8, 9, 10]"
data\Dataset_A\sig10_15_25\srs_194.txt,srs_194.txt,ASP,solution found,3.41,28.49,20,"[1, 3, 6, 8, 9, 10]"
data\Dataset_A\sig10_15_25\srs_195.txt,srs_195.txt,Max-SAT,solution found,0.77,32.11,16,"[1, 2, 4, 9]"
data\Dataset_A\sig10_15_25\srs_195.txt,srs_195.txt,ASP,solution found,3.68,32.11,18,"[1, 2, 8, 9, 10]"
data\Dataset_A\sig10_15_25\srs_196.txt,srs_196.txt,Max-SAT,solution found,0.98,31.21,20,"[1, 2, 3, 5, 6, 9, 10]"
data\Dataset_A\sig10_15_25\srs_196.txt,srs_196.txt,ASP,solution found,3.75,31.21,20,"[1, 2, 3, 5, 6, 9, 10]"
data\Dataset_A\sig10_15_25\srs_197.txt,srs_197.txt,Max-SAT,solution found,0.96,33.62,13,"[1, 7, 10]"
data\Dataset_A\sig10_15_25\srs_197.txt,srs_197.txt,ASP,solution found,3.67,33.62,13,"[1, 7, 10]"
data\Dataset_A\sig10_15_25\srs_198.txt,srs_198.txt,Max-SAT,solution found,0.79,36.09,12,"[5, 8]"
data\Dataset_A\sig10_15_25\srs_198.txt,srs_198.txt,ASP,solution found,3.61,36.09,12,"[5, 8]"
data\Dataset_A\sig10_15_25\srs_199.txt,srs_199.txt,Max-SAT,solution found,0.95,28.47,14,"[1, 2, 4, 5, 7, 9]"
data\Dataset_A\sig10_15_25\srs_199.txt,srs_199.txt,ASP,solution found,3.58,28.47,14,"[1, 2, 4, 7, 9]"
data\Dataset_A\sig10_15_25\srs_2.txt,srs_2.txt,Max-SAT,solution found,0.78,31.82,18,"[1, 4, 6, 8, 9]"
data\Dataset_A\sig10_15_25\srs_2.txt,srs_2.txt,ASP,solution found,4.03,31.82,18,"[1, 4, 6, 8, 9]"
data\Dataset_A\sig10_15_25\srs_20.txt,srs_20.txt,Max-SAT,solution found,0.93,35.15,24,"[1, 3, 4, 5, 6, 8, 9, 10]"
data\Dataset_A\sig10_15_25\srs_20.txt,srs_20.txt,ASP,solution found,5.38,35.15,24,"[1, 3, 4, 5, 6, 8, 9, 10]"
data\Dataset_A\sig10_15_25\srs_21.txt,srs_21.txt,Max-SAT,solution found,0.70,33.97,6,[4]
data\Dataset_A\sig10_15_25\srs_21.txt,srs_21.txt,ASP,solution found,3.79,33.97,6,[4]
data\Dataset_A\sig10_15_25\srs_22.txt,srs_22.txt,Max-SAT,solution found,1.48,35.27,22,"[1, 2, 4, 7, 9, 10]"
data\Dataset_A\sig10_15_25\srs_22.txt,srs_22.txt,ASP,solution found,4.95,35.27,22,"[1, 2, 4, 7, 9, 10]"
data\Dataset_A\sig10_15_25\srs_23.txt,srs_23.txt,Max-SAT,solution found,0.79,33.48,15,"[2, 4, 6, 7]"
data\Dataset_A\sig10_15_25\srs_23.txt,srs_23.txt,ASP,solution found,4.11,33.48,18,"[2, 3, 6, 7, 9]"
data\Dataset_A\sig10_15_25\srs_24.txt,srs_24.txt,Max-SAT,solution found,0.86,26.55,17,"[2, 3, 4, 5, 6, 7, 10]"
data\Dataset_A\sig10_15_25\srs_24.txt,srs_24.txt,ASP,solution found,4.19,26.55,17,"[2, 3, 5, 6, 7, 10]"
data\Dataset_A\sig10_15_25\srs_25.txt,srs_25.txt,Max-SAT,solution found,0.82,23.59,19,"[4, 5, 7, 8, 9]"
data\Dataset_A\sig10_15_25\srs_25.txt,srs_25.txt,ASP,solution found,4.53,23.59,19,"[4, 5, 7, 8, 9]"
data\Dataset_A\sig10_15_25\srs_26.txt,srs_26.txt,Max-SAT,solution found,0.96,27.31,24,"[1, 2, 3, 4, 5, 6, 7, 8, 9]"
data\Dataset_A\sig10_15_25\srs_26.txt,srs_26.txt,ASP,solution found,4.61,27.31,24,"[1, 2, 3, 4, 5, 6, 7, 8, 9]"
data\Dataset_A\sig10_15_25\srs_27.txt,srs_27.txt,Max-SAT,solution found,0.84,19.49,14,"[1, 3, 7, 10]"
data\Dataset_A\sig10_15_25\srs_27.txt,srs_27.txt,ASP,solution found,3.34,19.49,14,"[1, 3, 4, 7, 10]"
data\Dataset_A\sig10_15_25\srs_28.txt,srs_28.txt,Max-SAT,solution found,0.82,31.91,14,"[4, 5, 9, 10]"
data\Dataset_A\sig10_15_25\srs_28.txt,srs_28.txt,ASP,solution found,3.59,31.91,14,"[4, 5, 9, 10]"
data\Dataset_A\sig10_15_25\srs_29.txt,srs_29.txt,Max-SAT,solution found,0.92,32.78,21,"[1, 3, 4, 6, 7, 8, 9]"
data\Dataset_A\sig10_15_25\srs_29.txt,srs_29.txt,ASP,solution found,4.72,32.78,21,"[1, 4, 6, 7, 8, 9, 10]"
data\Dataset_A\sig10_15_25\srs_3.txt,srs_3.txt,Max-SAT,solution found,1.16,33.04,22,"[1, 3, 4, 7, 8, 10]"
data\Dataset_A\sig10_15_25\srs_3.txt,srs_3.txt,ASP,solution found,4.02,33.04,22,"[1, 3, 4, 7, 8, 10]"
data\Dataset_A\sig10_15_25\srs_30.txt,srs_30.txt,Max-SAT,solution found,0.89,31.83,20,"[5, 6, 7, 9, 10]"
data\Dataset_A\sig10_15_25\srs_30.txt,srs_30.txt,ASP,solution found,4.09,31.83,20,"[5, 6, 7, 9, 10]"
data\Dataset_A\sig10_15_25\srs_31.txt,srs_31.txt,Max-SAT,solution found,0.81,32.12,15,"[1, 2, 3, 7, 8]"
data\Dataset_A\sig10_15_25\srs_31.txt,srs_31.txt,ASP,solution found,4.01,32.12,15,"[1, 2, 3, 7, 8]"
data\Dataset_A\sig10_15_25\srs_32.txt,srs_32.txt,Max-SAT,solution found,0.88,34.63,21,"[1, 5, 6, 7, 8, 9, 10]"
data\Dataset_A\sig10_15_25\srs_32.txt,srs_32.txt,ASP,solution found,3.99,34.63,21,"[1, 5, 6, 7, 8, 9, 10]"
data\Dataset_A\sig10_15_25\srs_33.txt,srs_33.txt,Max-SAT,solution found,0.65,30.92,10,"[1, 2, 6]"
data\Dataset_A\sig10_15_25\srs_33.txt,srs_33.txt,ASP,solution found,3.59,30.92,10,"[1, 2, 6]"
data\Dataset_A\sig10_15_25\srs_34.txt,srs_34.txt,Max-SAT,solution found,0.75,30.57,15,"[1, 2, 4, 5, 10]"
data\Dataset_A\sig10_15_25\srs_34.txt,srs_34.txt,ASP,solution found,3.53,30.57,15,"[2, 4, 5, 10]"
data\Dataset_A\sig10_15_25\srs_35.txt,srs_35.txt,Max-SAT,solution found,0.71,25.83,12,"[4, 8, 10]"
data\Dataset_A\sig10_15_25\srs_35.txt,srs_35.txt,ASP,solution found,3.52,25.83,12,"[4, 8, 10]"
data\Dataset_A\sig10_15_25\srs_36.txt,srs_36.txt,Max-SAT,solution found,0.75,33.27,11,"[7, 8]"
data\Dataset_A\sig10_15_25\srs_36.txt,srs_36.txt,ASP,solution found,3.66,33.27,11,"[7, 8]"
data\Dataset_A\sig10_15_25\srs_37.txt,srs_37.txt,Max-SAT,solution found,0.95,33.97,23,"[2, 5, 6, 9, 10]"
data\Dataset_A\sig10_15_25\srs_37.txt,srs_37.txt,ASP,solution found,4.03,33.97,23,"[2, 5, 6, 9, 10]"
data\Dataset_A\sig10_15_25\srs_38.txt,srs_38.txt,Max-SAT,solution found,1.19,33.91,18,"[3, 5, 6, 10]"
data\Dataset_A\sig10_15_25\srs_38.txt,srs_38.txt,ASP,solution found,3.56,33.91,20,"[2, 4, 5, 6, 9, 10]"
data\Dataset_A\sig10_15_25\srs_39.txt,srs_39.txt,Max-SAT,solution found,0.89,35.86,23,"[4, 6, 7, 8, 9, 10]"
data\Dataset_A\sig10_15_25\srs_39.txt,srs_39.txt,ASP,solution found,3.85,35.86,23,"[1, 6, 7, 8, 9, 10]"
data\Dataset_A\sig10_15_25\srs_4.txt,srs_4.txt,Max-SAT,solution found,0.81,31.34,19,"[1, 2, 5, 7, 9, 10]"
data\Dataset_A\sig10_15_25\srs_4.txt,srs_4.txt,ASP,solution found,4.08,31.34,19,"[1, 2, 5, 7, 9, 10]"
data\Dataset_A\sig10_15_25\srs_40.txt,srs_40.txt,Max-SAT,solution found,1.40,33.04,18,"[1, 5, 8, 9]"
data\Dataset_A\sig10_15_25\srs_40.txt,srs_40.txt,ASP,solution found,4.33,33.04,18,"[1, 5, 8, 9]"
data\Dataset_A\sig10_15_25\srs_41.txt,srs_41.txt,Max-SAT,solution found,1.21,31.75,18,"[2, 4, 6, 8, 9, 10]"
data\Dataset_A\sig10_15_25\srs_41.txt,srs_41.txt,ASP,solution found,3.50,31.75,18,"[4, 6, 8, 9, 10]"
data\Dataset_A\sig10_15_25\srs_42.txt,srs_42.txt,Max-SAT,solution found,0.90,32.91,25,"[1, 2, 4, 6, 8, 9]"
data\Dataset_A\sig10_15_25\srs_42.txt,srs_42.txt,ASP,solution found,3.79,32.91,25,"[1, 2, 4, 6, 8, 9]"
data\Dataset_A\sig10_15_25\srs_43.txt,srs_43.txt,Max-SAT,solution found,0.99,21.01,12,"[2, 3, 4, 6, 9]"
data\Dataset_A\sig10_15_25\srs_43.txt,srs_43.txt,ASP,solution found,2.96,21.01,12,"[3, 4, 6, 9]"
data\Dataset_A\sig10_15_25\srs_44.txt,srs_44.txt,Max-SAT,solution found,0.91,33.35,17,"[2, 3, 6, 7]"
data\Dataset_A\sig10_15_25\srs_44.txt,srs_44.txt,ASP,solution found,4.29,33.35,19,"[3, 6, 7, 10]"
data\Dataset_A\sig10_15_25\srs_45.txt,srs_45.txt,Max-SAT,solution found,0.76,30.63,15,"[1, 3, 4, 10]"
data\Dataset_A\sig10_15_25\srs_45.txt,srs_45.txt,ASP,solution found,4.23,30.63,16,"[1, 3, 8, 10]"
data\Dataset_A\sig10_15_25\srs_46.txt,srs_46.txt,Max-SAT,solution found,0.81,23.27,17,"[2, 4, 5, 10]"
data\Dataset_A\sig10_15_25\srs_46.txt,srs_46.txt,ASP,solution found,3.85,23.27,17,"[2, 4, 5, 10]"
data\Dataset_A\sig10_15_25\srs_47.txt,srs_47.txt,Max-SAT,solution found,0.84,32.23,9,"[7, 9]"
data\Dataset_A\sig10_15_25\srs_47.txt,srs_47.txt,ASP,solution found,3.81,32.23,12,"[6, 7]"
data\Dataset_A\sig10_15_25\srs_48.txt,srs_48.txt,Max-SAT,solution found,1.33,34.88,16,"[2, 4, 5, 6]"
data\Dataset_A\sig10_15_25\srs_48.txt,srs_48.txt,ASP,solution found,3.94,34.88,16,"[2, 4, 5, 6]"
data\Dataset_A\sig10_15_25\srs_49.txt,srs_49.txt,Max-SAT,solution found,0.88,31.98,22,"[1, 4, 5, 6, 7, 8, 9, 10]"
data\Dataset_A\sig10_15_25\srs_49.txt,srs_49.txt,ASP,solution found,4.23,31.98,22,"[1, 4, 5, 6, 7, 8, 9, 10]"
data\Dataset_A\sig10_15_25\srs_5.txt,srs_5.txt,Max-SAT,solution found,0.71,29.18,15,"[1, 3, 5, 6, 8]"
data\Dataset_A\sig10_15_25\srs_5.txt,srs_5.txt,ASP,solution found,3.17,29.18,15,"[1, 3, 5, 6, 8]"
data\Dataset_A\sig10_15_25\srs_50.txt,srs_50.txt,Max-SAT,solution found,0.83,33.14,14,"[5, 6, 8]"
data\Dataset_A\sig10_15_25\srs_50.txt,srs_50.txt,ASP,solution found,3.97,33.14,14,"[5, 6, 8]"
data\Dataset_A\sig10_15_25\srs_51.txt,srs_51.txt,Max-SAT,solution found,0.86,33.71,18,"[1, 3, 7, 9]"
data\Dataset_A\sig10_15_25\srs_51.txt,srs_51.txt,ASP,solution found,3.72,33.71,18,"[1, 3, 7, 9]"
data\Dataset_A\sig10_15_25\srs_52.txt,srs_52.txt,Max-SAT,solution found,0.75,29.86,11,"[7, 8]"
data\Dataset_A\sig10_15_25\srs_52.txt,srs_52.txt,ASP,solution found,3.32,29.86,11,"[7, 8]"
data\Dataset_A\sig10_15_25\srs_53.txt,srs_53.txt,Max-SAT,solution found,0.95,36.01,19,"[2, 3, 5, 6, 8, 9]"
data\Dataset_A\sig10_15_25\srs_53.txt,srs_53.txt,ASP,solution found,4.26,36.01,19,"[2, 3, 5, 6, 8, 9]"
data\Dataset_A\sig10_15_25\srs_54.txt,srs_54.txt,Max-SAT,solution found,0.83,30.88,13,"[1, 7, 8]"
data\Dataset_A\sig10_15_25\srs_54.txt,srs_54.txt,ASP,solution found,3.72,30.88,13,"[1, 7, 8]"
data\Dataset_A\sig10_15_25\srs_55.txt,srs_55.txt,Max-SAT,solution found,0.88,35.41,20,"[1, 2, 6, 9, 10]"
data\Dataset_A\sig10_15_25\srs_55.txt,srs_55.txt,ASP,solution found,3.96,35.41,20,"[1, 2, 6, 9, 10]"
data\Dataset_A\sig10_15_25\srs_56.txt,srs_56.txt,Max-SAT,solution found,0.88,34.63,20,"[2, 3, 4, 5, 6, 7, 8]"
data\Dataset_A\sig10_15_25\srs_56.txt,srs_56.txt,ASP,solution found,3.84,34.63,20,"[2, 3, 5, 6, 8, 10]"
data\Dataset_A\sig10_15_25\srs_57.txt,srs_57.txt,Max-SAT,solution found,1.01,34.95,22,"[2, 3, 4, 6, 8, 10]"
data\Dataset_A\sig10_15_25\srs_57.txt,srs_57.txt,ASP,solution found,3.93,34.95,22,"[2, 3, 4, 6, 9, 10]"
data\Dataset_A\sig10_15_25\srs_58.txt,srs_58.txt,Max-SAT,solution found,0.84,30.26,21,"[1, 2, 3, 4, 5, 6, 7]"
data\Dataset_A\sig10_15_25\srs_58.txt,srs_58.txt,ASP,solution found,3.82,30.26,22,"[1, 2, 3, 4, 5, 7, 9]"
data\Dataset_A\sig10_15_25\srs_59.txt,srs_59.txt,Max-SAT,solution found,0.72,26.90,13,"[3, 7, 8, 9]"
data\Dataset_A\sig10_15_25\srs_59.txt,srs_59.txt,ASP,solution found,3.25,26.90,13,"[3, 7, 8, 9]"
data\Dataset_A\sig10_15_25\srs_6.txt,srs_6.txt,Max-SAT,solution found,0.83,28.60,14,"[2, 3, 4, 6]"
data\Dataset_A\sig10_15_25\srs_6.txt,srs_6.txt,ASP,solution found,3.93,28.60,14,"[2, 3, 4, 6]"
data\Dataset_A\sig10_15_25\srs_60.txt,srs_60.txt,Max-SAT,solution found,0.97,36.00,20,"[2, 4, 7, 8, 9, 10]"
data\Dataset_A\sig10_15_25\srs_60.txt,srs_60.txt,ASP,solution found,3.77,36.00,20,"[2, 4, 7, 8, 10]"
data\Dataset_A\sig10_15_25\srs_61.txt,srs_61.txt,Max-SAT,solution found,1.06,31.06,19,"[1, 2, 3, 5, 10]"
data\Dataset_A\sig10_15_25\srs_61.txt,srs_61.txt,ASP,solution found,3.65,31.06,19,"[1, 2, 3, 5, 10]"
data\Dataset_A\sig10_15_25\srs_62.txt,srs_62.txt,Max-SAT,solution found,0.99,28.63,14,"[4, 5, 6, 8, 9, 10]"
data\Dataset_A\sig10_15_25\srs_62.txt,srs_62.txt,ASP,solution found,3.92,28.63,14,"[4, 5, 6, 8, 9]"
data\Dataset_A\sig10_15_25\srs_63.txt,srs_63.txt,Max-SAT,solution found,0.96,28.60,11,"[2, 7, 10]"
data\Dataset_A\sig10_15_25\srs_63.txt,srs_63.txt,ASP,solution found,4.29,28.60,11,"[2, 7, 10]"
data\Dataset_A\sig10_15_25\srs_64.txt,srs_64.txt,Max-SAT,solution found,0.89,35.56,22,"[1, 2, 3, 4, 7, 8, 9, 10]"
data\Dataset_A\sig10_15_25\srs_64.txt,srs_64.txt,ASP,solution found,3.96,35.56,22,"[1, 2, 3, 4, 7, 9, 10]"
data\Dataset_A\sig10_15_25\srs_65.txt,srs_65.txt,Max-SAT,solution found,0.98,30.31,15,"[2, 3, 4, 5, 7, 8, 9, 10]"
data\Dataset_A\sig10_15_25\srs_65.txt,srs_65.txt,ASP,solution found,3.76,30.31,15,"[2, 3, 4, 5, 7, 8, 9, 10]"
data\Dataset_A\sig10_15_25\srs_66.txt,srs_66.txt,Max-SAT,solution found,0.73,28.44,13,"[2, 3, 4, 5, 6, 7]"
data\Dataset_A\sig10_15_25\srs_66.txt,srs_66.txt,ASP,solution found,4.07,28.44,14,"[3, 5, 7, 8, 10]"
data\Dataset_A\sig10_15_25\srs_67.txt,srs_67.txt,Max-SAT,solution found,0.87,24.86,20,"[1, 3, 8, 9, 10]"
data\Dataset_A\sig10_15_25\srs_67.txt,srs_67.txt,ASP,solution found,6.81,24.86,21,"[1, 3, 6, 8, 10]"
data\Dataset_A\sig10_15_25\srs_68.txt,srs_68.txt,Max-SAT,solution found,0.78,24.52,15,"[2, 3, 4, 8, 9]"
data\Dataset_A\sig10_15_25\srs_68.txt,srs_68.txt,ASP,solution found,4.03,24.52,15,"[2, 3, 8, 9, 10]"
data\Dataset_A\sig10_15_25\srs_69.txt,srs_69.txt,Max-SAT,solution found,1.34,32.12,21,"[1, 6, 7, 8, 9, 10]"
data\Dataset_A\sig10_15_25\srs_69.txt,srs_69.txt,ASP,solution found,4.11,32.12,21,"[1, 6, 7, 8, 9, 10]"
data\Dataset_A\sig10_15_25\srs_7.txt,srs_7.txt,Max-SAT,solution found,0.86,30.46,21,"[1, 2, 3, 4, 5, 8, 10]"
data\Dataset_A\sig10_15_25\srs_7.txt,srs_7.txt,ASP,solution found,3.63,30.46,21,"[1, 2, 3, 4, 5, 8, 10]"
data\Dataset_A\sig10_15_25\srs_70.txt,srs_70.txt,Max-SAT,solution found,0.92,31.75,9,"[4, 6]"
data\Dataset_A\sig10_15_25\srs_70.txt,srs_70.txt,ASP,solution found,3.44,31.75,9,"[4, 6]"
data\Dataset_A\sig10_15_25\srs_71.txt,srs_71.txt,Max-SAT,solution found,1.52,36.46,19,"[1, 2, 5, 6, 9, 10]"
data\Dataset_A\sig10_15_25\srs_71.txt,srs_71.txt,ASP,solution found,4.62,36.46,19,"[1, 2, 5, 6, 9, 10]"
data\Dataset_A\sig10_15_25\srs_72.txt,srs_72.txt,Max-SAT,solution found,0.86,27.88,19,"[1, 2, 4, 7, 8, 9]"
data\Dataset_A\sig10_15_25\srs_72.txt,srs_72.txt,ASP,solution found,4.33,27.88,19,"[1, 2, 4, 7, 8, 9]"
data\Dataset_A\sig10_15_25\srs_73.txt,srs_73.txt,Max-SAT,solution found,0.68,32.83,7,[3]
data\Dataset_A\sig10_15_25\srs_73.txt,srs_73.txt,ASP,solution found,3.45,32.83,7,[3]
data\Dataset_A\sig10_15_25\srs_74.txt,srs_74.txt,Max-SAT,solution found,0.80,28.79,3,[4]
data\Dataset_A\sig10_15_25\srs_74.txt,srs_74.txt,ASP,solution found,3.36,28.79,3,[7]
data\Dataset_A\sig10_15_25\srs_75.txt,srs_75.txt,Max-SAT,solution found,1.04,27.00,10,"[1, 7, 8]"
data\Dataset_A\sig10_15_25\srs_75.txt,srs_75.txt,ASP,solution found,3.34,27.00,10,"[1, 7, 8]"
data\Dataset_A\sig10_15_25\srs_76.txt,srs_76.txt,Max-SAT,solution found,0.76,34.88,13,"[1, 9, 10]"
data\Dataset_A\sig10_15_25\srs_76.txt,srs_76.txt,ASP,solution found,3.39,34.88,13,"[1, 9, 10]"
data\Dataset_A\sig10_15_25\srs_77.txt,srs_77.txt,Max-SAT,solution found,0.80,32.53,14,"[1, 2, 7, 10]"
data\Dataset_A\sig10_15_25\srs_77.txt,srs_77.txt,ASP,solution found,4.58,32.53,14,"[1, 2, 7, 10]"
data\Dataset_A\sig10_15_25\srs_78.txt,srs_78.txt,Max-SAT,solution found,1.05,29.18,10,"[2, 3, 5]"
data\Dataset_A\sig10_15_25\srs_78.txt,srs_78.txt,ASP,solution found,3.51,29.18,10,"[2, 3, 8]"
data\Dataset_A\sig10_15_25\srs_79.txt,srs_79.txt,Max-SAT,solution found,1.10,23.82,11,"[2, 3, 4, 6]"
data\Dataset_A\sig10_15_25\srs_79.txt,srs_79.txt,ASP,solution found,3.45,23.82,11,"[2, 3, 4, 6]"
data\Dataset_A\sig10_15_25\srs_8.txt,srs_8.txt,Max-SAT,solution found,0.77,30.76,13,"[2, 5, 10]"
data\Dataset_A\sig10_15_25\srs_8.txt,srs_8.txt,ASP,solution found,3.62,30.76,13,"[2, 5, 10]"
data\Dataset_A\sig10_15_25\srs_80.txt,srs_80.txt,Max-SAT,solution found,0.76,29.24,16,"[1, 2, 3, 4, 5, 6, 8, 10]"
data\Dataset_A\sig10_15_25\srs_80.txt,srs_80.txt,ASP,solution found,4.07,29.24,17,"[1, 3, 4, 6, 7, 8, 10]"
data\Dataset_A\sig10_15_25\srs_81.txt,srs_81.txt,Max-SAT,solution found,1.26,35.06,11,"[2, 3, 6]"
data\Dataset_A\sig10_15_25\srs_81.txt,srs_81.txt,ASP,solution found,3.57,35.06,11,"[2, 3, 6]"
data\Dataset_A\sig10_15_25\srs_82.txt,srs_82.txt,Max-SAT,solution found,0.90,29.71,13,"[1, 3, 8, 9]"
data\Dataset_A\sig10_15_25\srs_82.txt,srs_82.txt,ASP,solution found,3.64,29.71,13,"[1, 3, 8, 9]"
data\Dataset_A\sig10_15_25\srs_83.txt,srs_83.txt,Max-SAT,solution found,0.88,33.10,21,"[2, 3, 4, 6, 7, 9, 10]"
data\Dataset_A\sig10_15_25\srs_83.txt,srs_83.txt,ASP,solution found,3.92,33.10,21,"[2, 3, 4, 6, 7, 9, 10]"
data\Dataset_A\sig10_15_25\srs_84.txt,srs_84.txt,Max-SAT,solution found,0.92,35.60,14,"[2, 3, 5, 6, 7, 9, 10]"
data\Dataset_A\sig10_15_25\srs_84.txt,srs_84.txt,ASP,solution found,3.37,35.60,14,"[2, 3, 5, 6, 7, 9]"
data\Dataset_A\sig10_15_25\srs_85.txt,srs_85.txt,Max-SAT,solution found,0.81,32.01,15,"[1, 2, 3, 4, 7, 9]"
data\Dataset_A\sig10_15_25\srs_85.txt,srs_85.txt,ASP,solution found,4.68,32.01,15,"[1, 3, 4, 7, 9]"
data\Dataset_A\sig10_15_25\srs_86.txt,srs_86.txt,Max-SAT,solution found,0.80,32.73,16,"[2, 4, 6, 10]"
data\Dataset_A\sig10_15_25\srs_86.txt,srs_86.txt,ASP,solution found,3.91,32.73,16,"[2, 4, 6, 10]"
data\Dataset_A\sig10_15_25\srs_87.txt,srs_87.txt,Max-SAT,solution found,0.69,27.74,10,"[6, 8]"
data\Dataset_A\sig10_15_25\srs_87.txt,srs_87.txt,ASP,solution found,3.57,27.74,10,"[6, 8]"
data\Dataset_A\sig10_15_25\srs_88.txt,srs_88.txt,Max-SAT,solution found,1.06,29.66,15,"[1, 2, 4, 5, 9]"
data\Dataset_A\sig10_15_25\srs_88.txt,srs_88.txt,ASP,solution found,3.41,29.66,15,"[1, 2, 4, 5, 9]"
data\Dataset_A\sig10_15_25\srs_89.txt,srs_89.txt,Max-SAT,solution found,0.77,29.90,17,"[1, 2, 7, 8, 10]"
data\Dataset_A\sig10_15_25\srs_89.txt,srs_89.txt,ASP,solution found,3.53,29.90,17,"[1, 2, 7, 8, 10]"
data\Dataset_A\sig10_15_25\srs_9.txt,srs_9.txt,Max-SAT,solution found,0.86,37.00,21,"[2, 3, 6, 10]"
data\Dataset_A\sig10_15_25\srs_9.txt,srs_9.txt,ASP,solution found,3.52,37.00,21,"[2, 3, 6, 10]"
data\Dataset_A\sig10_15_25\srs_90.txt,srs_90.txt,Max-SAT,solution found,0.85,32.76,17,"[4, 7, 9, 10]"
data\Dataset_A\sig10_15_25\srs_90.txt,srs_90.txt,ASP,solution found,4.39,32.76,17,"[4, 7, 9, 10]"
data\Dataset_A\sig10_15_25\srs_91.txt,srs_91.txt,Max-SAT,solution found,0.80,30.11,18,"[2, 3, 5, 6, 7, 9, 10]"
data\Dataset_A\sig10_15_25\srs_91.txt,srs_91.txt,ASP,solution found,3.80,30.11,18,"[3, 5, 6, 7, 9, 10]"
data\Dataset_A\sig10_15_25\srs_92.txt,srs_92.txt,Max-SAT,solution found,0.88,29.37,13,"[3, 7, 8]"
data\Dataset_A\sig10_15_25\srs_92.txt,srs_92.txt,ASP,solution found,3.58,29.37,18,"[1, 3, 5, 7, 10]"
data\Dataset_A\sig10_15_25\srs_93.txt,srs_93.txt,Max-SAT,solution found,0.91,30.73,20,"[2, 4, 6, 7, 8, 9, 10]"
data\Dataset_A\sig10_15_25\srs_93.txt,srs_93.txt,ASP,solution found,4.12,30.73,20,"[2, 4, 6, 7, 8, 9, 10]"
data\Dataset_A\sig10_15_25\srs_94.txt,srs_94.txt,Max-SAT,solution found,0.80,32.07,18,"[2, 4, 6, 8]"
data\Dataset_A\sig10_15_25\srs_94.txt,srs_94.txt,ASP,solution found,3.77,32.07,18,"[2, 4, 6, 8]"
data\Dataset_A\sig10_15_25\srs_95.txt,srs_95.txt,Max-SAT,solution found,0.89,34.31,24,"[1, 4, 5, 7, 9, 10]"
data\Dataset_A\sig10_15_25\srs_95.txt,srs_95.txt,ASP,solution found,4.02,34.31,24,"[4, 5, 7, 9, 10]"
data\Dataset_A\sig10_15_25\srs_96.txt,srs_96.txt,Max-SAT,solution found,0.73,35.61,13,"[3, 6, 9, 10]"
data\Dataset_A\sig10_15_25\srs_96.txt,srs_96.txt,ASP,solution found,3.56,35.61,14,"[2, 3, 8, 9, 10]"
data\Dataset_A\sig10_15_25\srs_97.txt,srs_97.txt,Max-SAT,solution found,0.80,28.48,11,"[7, 8, 10]"
data\Dataset_A\sig10_15_25\srs_97.txt,srs_97.txt,ASP,solution found,3.46,28.48,12,"[2, 6, 8, 10]"
data\Dataset_A\sig10_15_25\srs_98.txt,srs_98.txt,Max-SAT,solution found,1.00,30.52,13,"[4, 5, 6, 8, 9, 10]"
data\Dataset_A\sig10_15_25\srs_98.txt,srs_98.txt,ASP,solution found,4.28,30.52,13,"[4, 5, 6, 8, 9, 10]"
data\Dataset_A\sig10_15_25\srs_99.txt,srs_99.txt,Max-SAT,solution found,0.73,29.29,12,"[2, 4, 6]"
data\Dataset_A\sig10_15_25\srs_99.txt,srs_99.txt,ASP,solution found,3.49,29.29,12,"[2, 4, 6]"
data\Dataset_A\sig15_15_25\srs_0.txt,srs_0.txt,Max-SAT,solution found,0.71,32.37,8,"[1, 2]"
data\Dataset_A\sig15_15_25\srs_0.txt,srs_0.txt,ASP,solution found,3.32,32.37,8,"[1, 2]"
data\Dataset_A\sig15_15_25\srs_1.txt,srs_1.txt,Max-SAT,solution found,1.67,37.57,17,"[2, 6, 9, 10, 12]"
data\Dataset_A\sig15_15_25\srs_1.txt,srs_1.txt,ASP,solution found,4.18,37.57,17,"[2, 6, 9, 10, 12]"
data\Dataset_A\sig15_15_25\srs_10.txt,srs_10.txt,Max-SAT,solution found,1.05,18.93,7,"[5, 7]"
data\Dataset_A\sig15_15_25\srs_10.txt,srs_10.txt,ASP,solution found,3.30,18.93,8,"[6, 7, 15]"
data\Dataset_A\sig15_15_25\srs_100.txt,srs_100.txt,Max-SAT,solution found,0.79,22.40,8,"[1, 2, 7]"
data\Dataset_A\sig15_15_25\srs_100.txt,srs_100.txt,ASP,solution found,3.33,22.40,8,"[1, 2, 7]"
data\Dataset_A\sig15_15_25\srs_101.txt,srs_101.txt,Max-SAT,solution found,1.07,24.43,12,"[3, 5, 8, 11, 14]"
data\Dataset_A\sig15_15_25\srs_101.txt,srs_101.txt,ASP,solution found,3.76,24.43,13,"[3, 5, 6, 8, 11, 14]"
data\Dataset_A\sig15_15_25\srs_102.txt,srs_102.txt,Max-SAT,solution found,0.91,22.99,8,"[1, 3, 10]"
data\Dataset_A\sig15_15_25\srs_102.txt,srs_102.txt,ASP,solution found,3.85,22.99,8,"[1, 3, 10]"
data\Dataset_A\sig15_15_25\srs_103.txt,srs_103.txt,Max-SAT,solution found,0.91,26.87,15,"[2, 6, 9, 10, 15]"
data\Dataset_A\sig15_15_25\srs_103.txt,srs_103.txt,ASP,solution found,5.80,26.87,15,"[2, 6, 9, 10, 15]"
data\Dataset_A\sig15_15_25\srs_104.txt,srs_104.txt,Max-SAT,solution found,0.93,34.91,20,"[3, 5, 6, 10, 11, 13, 15]"
data\Dataset_A\sig15_15_25\srs_104.txt,srs_104.txt,ASP,solution found,4.30,34.91,20,"[3, 5, 6, 10, 11, 13, 15]"
data\Dataset_A\sig15_15_25\srs_105.txt,srs_105.txt,Max-SAT,solution found,0.93,34.78,11,"[13, 14, 15]"
data\Dataset_A\sig15_15_25\srs_105.txt,srs_105.txt,ASP,solution found,3.51,34.78,11,"[13, 14, 15]"
data\Dataset_A\sig15_15_25\srs_106.txt,srs_106.txt,Max-SAT,solution found,0.72,22.03,8,"[3, 7, 12]"
data\Dataset_A\sig15_15_25\srs_106.txt,srs_106.txt,ASP,solution found,3.73,22.03,8,"[3, 7, 12]"
data\Dataset_A\sig15_15_25\srs_107.txt,srs_107.txt,Max-SAT,solution found,1.16,30.91,17,"[1, 2, 5, 8, 13, 15]"
data\Dataset_A\sig15_15_25\srs_107.txt,srs_107.txt,ASP,solution found,3.99,30.91,17,"[1, 2, 5, 8, 13, 15]"
data\Dataset_A\sig15_15_25\srs_108.txt,srs_108.txt,Max-SAT,solution found,0.72,29.11,8,"[8, 11]"
data\Dataset_A\sig15_15_25\srs_108.txt,srs_108.txt,ASP,solution found,3.57,29.11,8,"[8, 11]"
data\Dataset_A\sig15_15_25\srs_109.txt,srs_109.txt,Max-SAT,solution found,0.96,41.51,9,"[8, 11]"
data\Dataset_A\sig15_15_25\srs_109.txt,srs_109.txt,ASP,solution found,4.46,41.51,9,"[8, 11]"
data\Dataset_A\sig15_15_25\srs_11.txt,srs_11.txt,Max-SAT,solution found,0.93,35.49,15,"[1, 4, 8, 9, 10, 12, 13]"
data\Dataset_A\sig15_15_25\srs_11.txt,srs_11.txt,ASP,solution found,5.61,35.49,16,"[4, 7, 8, 9, 10, 11, 13]"
data\Dataset_A\sig15_15_25\srs_110.txt,srs_110.txt,Max-SAT,solution found,0.65,19.14,4,[4]
data\Dataset_A\sig15_15_25\srs_110.txt,srs_110.txt,ASP,solution found,3.37,19.14,4,[4]
data\Dataset_A\sig15_15_25\srs_111.txt,srs_111.txt,Max-SAT,solution found,0.85,23.42,9,"[4, 8, 10]"
data\Dataset_A\sig15_15_25\srs_111.txt,srs_111.txt,ASP,solution found,3.98,23.42,9,"[4, 6, 10, 14]"
data\Dataset_A\sig15_15_25\srs_112.txt,srs_112.txt,Max-SAT,solution found,1.05,31.94,17,"[2, 3, 12, 14]"
data\Dataset_A\sig15_15_25\srs_112.txt,srs_112.txt,ASP,solution found,4.00,31.94,17,"[2, 3, 8, 12, 14]"
data\Dataset_A\sig15_15_25\srs_113.txt,srs_113.txt,Max-SAT,solution found,1.63,29.72,16,"[2, 4, 11, 14, 15]"
data\Dataset_A\sig15_15_25\srs_113.txt,srs_113.txt,ASP,solution found,5.15,29.72,16,"[2, 4, 11, 14, 15]"
data\Dataset_A\sig15_15_25\srs_114.txt,srs_114.txt,Max-SAT,solution found,1.04,36.70,15,"[1, 2, 7]"
data\Dataset_A\sig15_15_25\srs_114.txt,srs_114.txt,ASP,solution found,4.23,36.70,15,"[1, 2, 7]"
data\Dataset_A\sig15_15_25\srs_115.txt,srs_115.txt,Max-SAT,solution found,0.99,30.01,9,"[1, 4, 10, 12]"
data\Dataset_A\sig15_15_25\srs_115.txt,srs_115.txt,ASP,solution found,3.79,30.01,9,"[1, 8, 10, 12]"
data\Dataset_A\sig15_15_25\srs_116.txt,srs_116.txt,Max-SAT,solution found,0.77,20.86,11,"[1, 7, 15]"
data\Dataset_A\sig15_15_25\srs_116.txt,srs_116.txt,ASP,solution found,3.35,20.86,11,"[1, 7, 15]"
data\Dataset_A\sig15_15_25\srs_117.txt,srs_117.txt,Max-SAT,solution found,1.04,43.70,15,"[6, 9, 10]"
data\Dataset_A\sig15_15_25\srs_117.txt,srs_117.txt,ASP,solution found,4.38,43.70,15,"[6, 9, 10]"
data\Dataset_A\sig15_15_25\srs_118.txt,srs_118.txt,Max-SAT,solution found,0.88,36.57,20,"[1, 2, 5, 6, 7, 8]"
data\Dataset_A\sig15_15_25\srs_118.txt,srs_118.txt,ASP,solution found,4.15,36.57,20,"[1, 2, 5, 6, 7, 8]"
data\Dataset_A\sig15_15_25\srs_119.txt,srs_119.txt,Max-SAT,solution found,0.99,33.66,14,"[3, 5, 6, 11, 12, 15]"
data\Dataset_A\sig15_15_25\srs_119.txt,srs_119.txt,ASP,solution found,4.80,33.66,14,"[5, 6, 11, 12, 15]"
data\Dataset_A\sig15_15_25\srs_12.txt,srs_12.txt,Max-SAT,solution found,0.77,30.23,11,"[4, 7, 9, 13]"
data\Dataset_A\sig15_15_25\srs_12.txt,srs_12.txt,ASP,solution found,3.49,30.23,12,"[4, 7, 9, 10, 13]"
data\Dataset_A\sig15_15_25\srs_120.txt,srs_120.txt,Max-SAT,solution found,0.94,28.66,12,"[4, 5, 8, 10, 11]"
data\Dataset_A\sig15_15_25\srs_120.txt,srs_120.txt,ASP,solution found,4.14,28.66,13,"[4, 5, 7, 10, 11]"
data\Dataset_A\sig15_15_25\srs_121.txt,srs_121.txt,Max-SAT,solution found,0.71,29.26,8,"[1, 10, 14]"
data\Dataset_A\sig15_15_25\srs_121.txt,srs_121.txt,ASP,solution found,3.51,29.26,9,"[1, 10, 13]"
data\Dataset_A\sig15_15_25\srs_122.txt,srs_122.txt,Max-SAT,solution found,0.67,33.14,4,"[5, 10]"
data\Dataset_A\sig15_15_25\srs_122.txt,srs_122.txt,ASP,solution found,3.69,33.14,4,"[5, 10]"
data\Dataset_A\sig15_15_25\srs_123.txt,srs_123.txt,Max-SAT,solution found,0.78,29.68,8,"[7, 8, 11]"
data\Dataset_A\sig15_15_25\srs_123.txt,srs_123.txt,ASP,solution found,3.69,29.68,8,"[7, 11]"
data\Dataset_A\sig15_15_25\srs_124.txt,srs_124.txt,Max-SAT,solution found,0.93,31.89,12,"[4, 9, 13]"
data\Dataset_A\sig15_15_25\srs_124.txt,srs_124.txt,ASP,solution found,3.85,31.89,15,"[2, 4, 12, 13]"
data\Dataset_A\sig15_15_25\srs_125.txt,srs_125.txt,Max-SAT,solution found,0.85,32.29,18,"[2, 4, 5, 7, 9, 11]"
data\Dataset_A\sig15_15_25\srs_125.txt,srs_125.txt,ASP,solution found,5.02,32.29,18,"[2, 4, 5, 7, 9, 11]"
data\Dataset_A\sig15_15_25\srs_126.txt,srs_126.txt,Max-SAT,solution found,0.81,33.74,12,"[2, 4, 11, 12]"
data\Dataset_A\sig15_15_25\srs_126.txt,srs_126.txt,ASP,solution found,3.74,33.74,12,"[2, 4, 11, 12]"
data\Dataset_A\sig15_15_25\srs_127.txt,srs_127.txt,Max-SAT,solution found,1.22,29.40,12,"[1, 6, 8, 9, 12, 15]"
data\Dataset_A\sig15_15_25\srs_127.txt,srs_127.txt,ASP,solution found,3.52,29.40,12,"[6, 8, 9, 12, 15]"
data\Dataset_A\sig15_15_25\srs_128.txt,srs_128.txt,Max-SAT,solution found,0.99,44.56,19,"[1, 2, 5, 8, 11, 13]"
data\Dataset_A\sig15_15_25\srs_128.txt,srs_128.txt,ASP,solution found,4.48,44.56,19,"[1, 2, 5, 8, 11, 13]"
data\Dataset_A\sig15_15_25\srs_129.txt,srs_129.txt,Max-SAT,solution found,0.78,23.03,10,"[1, 8, 9, 12]"
data\Dataset_A\sig15_15_25\srs_129.txt,srs_129.txt,ASP,solution found,3.41,23.03,10,"[1, 8, 9, 12]"
data\Dataset_A\sig15_15_25\srs_13.txt,srs_13.txt,Max-SAT,solution found,0.75,35.26,6,[3]
data\Dataset_A\sig15_15_25\srs_13.txt,srs_13.txt,ASP,solution found,4.97,35.26,6,[3]
data\Dataset_A\sig15_15_25\srs_130.txt,srs_130.txt,Max-SAT,solution found,0.91,31.88,15,"[3, 4, 5, 9, 14]"
data\Dataset_A\sig15_15_25\srs_130.txt,srs_130.txt,ASP,solution found,3.92,31.88,15,"[3, 4, 5, 9, 14]"
data\Dataset_A\sig15_15_25\srs_131.txt,srs_131.txt,Max-SAT,solution found,0.76,29.05,13,"[1, 8, 12]"
data\Dataset_A\sig15_15_25\srs_131.txt,srs_131.txt,ASP,solution found,3.76,29.05,13,"[1, 8, 12]"
data\Dataset_A\sig15_15_25\srs_132.txt,srs_132.txt,Max-SAT,solution found,1.05,32.38,20,"[1, 3, 4, 6, 9, 13, 14]"
data\Dataset_A\sig15_15_25\srs_132.txt,srs_132.txt,ASP,solution found,4.22,32.38,20,"[1, 3, 6, 9, 10, 13, 14]"
data\Dataset_A\sig15_15_25\srs_133.txt,srs_133.txt,Max-SAT,solution found,1.12,34.79,19,"[6, 8, 12]"
data\Dataset_A\sig15_15_25\srs_133.txt,srs_133.txt,ASP,solution found,5.14,34.79,19,"[6, 8, 11, 12]"
data\Dataset_A\sig15_15_25\srs_134.txt,srs_134.txt,Max-SAT,solution found,0.89,31.62,12,"[1, 7, 9, 14]"
data\Dataset_A\sig15_15_25\srs_134.txt,srs_134.txt,ASP,solution found,3.83,31.62,13,"[1, 7, 9, 10, 14]"
data\Dataset_A\sig15_15_25\srs_135.txt,srs_135.txt,Max-SAT,solution found,1.11,24.43,12,"[5, 12, 13, 15]"
data\Dataset_A\sig15_15_25\srs_135.txt,srs_135.txt,ASP,solution found,4.22,24.43,12,"[5, 8, 12, 13, 15]"
data\Dataset_A\sig15_15_25\srs_136.txt,srs_136.txt,Max-SAT,solution found,0.77,21.04,9,"[3, 7]"
data\Dataset_A\sig15_15_25\srs_136.txt,srs_136.txt,ASP,solution found,3.44,21.04,9,"[3, 7]"
data\Dataset_A\sig15_15_25\srs_137.txt,srs_137.txt,Max-SAT,solution found,0.85,20.57,12,"[3, 4, 8, 12, 13]"
data\Dataset_A\sig15_15_25\srs_137.txt,srs_137.txt,ASP,solution found,3.55,20.57,13,"[3, 4, 8, 11, 12, 13]"
data\Dataset_A\sig15_15_25\srs_138.txt,srs_138.txt,Max-SAT,solution found,1.00,25.97,11,"[11, 14]"
data\Dataset_A\sig15_15_25\srs_138.txt,srs_138.txt,ASP,solution found,4.24,25.97,11,"[11, 14]"
data\Dataset_A\sig15_15_25\srs_139.txt,srs_139.txt,Max-SAT,solution found,1.17,22.22,13,"[3, 4, 7, 8, 13]"
data\Dataset_A\sig15_15_25\srs_139.txt,srs_139.txt,ASP,solution found,3.52,22.22,13,"[4, 7, 8, 13]"
data\Dataset_A\sig15_15_25\srs_14.txt,srs_14.txt,Max-SAT,solution found,0.88,30.76,14,"[2, 4, 5]"
data\Dataset_A\sig15_15_25\srs_14.txt,srs_14.txt,ASP,solution found,4.12,30.76,14,"[2, 4, 5]"
data\Dataset_A\sig15_15_25\srs_140.txt,srs_140.txt,Max-SAT,solution found,0.93,29.05,11,"[2, 6, 9, 10]"
data\Dataset_A\sig15_15_25\srs_140.txt,srs_140.txt,ASP,solution found,3.34,29.05,11,"[2, 6, 10, 13, 14]"
data\Dataset_A\sig15_15_25\srs_141.txt,srs_141.txt,Max-SAT,solution found,0.80,31.54,15,"[1, 4, 6, 8, 10, 11, 12, 13]"
data\Dataset_A\sig15_15_25\srs_141.txt,srs_141.txt,ASP,solution found,4.93,31.54,15,"[1, 4, 6, 8, 10, 11, 12, 13]"
data\Dataset_A\sig15_15_25\srs_142.txt,srs_142.txt,Max-SAT,solution found,1.20,34.98,17,"[1, 3, 5, 9, 15]"
data\Dataset_A\sig15_15_25\srs_142.txt,srs_142.txt,ASP,solution found,4.66,34.98,17,"[1, 3, 5, 9, 15]"
data\Dataset_A\sig15_15_25\srs_143.txt,srs_143.txt,Max-SAT,solution found,0.82,29.59,14,"[2, 4, 5, 9, 10, 11, 13]"
data\Dataset_A\sig15_15_25\srs_143.txt,srs_143.txt,ASP,solution found,4.53,29.59,15,"[1, 2, 3, 4, 5, 11, 13]"
data\Dataset_A\sig15_15_25\srs_144.txt,srs_144.txt,Max-SAT,solution found,1.34,32.41,16,"[2, 4, 5, 10, 11, 12]"
data\Dataset_A\sig15_15_25\srs_144.txt,srs_144.txt,ASP,solution found,4.30,32.41,18,"[1, 2, 3, 4, 9, 11, 12]"
data\Dataset_A\sig15_15_25\srs_145.txt,srs_145.txt,Max-SAT,solution found,0.88,34.90,13,"[5, 6, 7, 8, 10, 12]"
data\Dataset_A\sig15_15_25\srs_145.txt,srs_145.txt,ASP,solution found,4.13,34.90,13,"[5, 6, 7, 8, 10, 12]"
data\Dataset_A\sig15_15_25\srs_146.txt,srs_146.txt,Max-SAT,solution found,1.00,31.66,21,"[1, 2, 3, 5, 7, 9, 10, 12, 13]"
data\Dataset_A\sig15_15_25\srs_146.txt,srs_146.txt,ASP,solution found,3.78,31.66,21,"[1, 3, 5, 7, 10, 12, 13]"
data\Dataset_A\sig15_15_25\srs_147.txt,srs_147.txt,Max-SAT,solution found,0.86,24.93,11,"[4, 11, 13]"
data\Dataset_A\sig15_15_25\srs_147.txt,srs_147.txt,ASP,solution found,4.41,24.93,11,"[4, 11, 13]"
data\Dataset_A\sig15_15_25\srs_148.txt,srs_148.txt,Max-SAT,solution found,0.81,30.89,13,"[1, 5, 7, 9]"
data\Dataset_A\sig15_15_25\srs_148.txt,srs_148.txt,ASP,solution found,3.81,30.89,13,"[1, 5, 7, 9]"
data\Dataset_A\sig15_15_25\srs_149.txt,srs_149.txt,Max-SAT,solution found,0.60,32.35,0,[]
data\Dataset_A\sig15_15_25\srs_149.txt,srs_149.txt,ASP,solution found,3.59,32.35,0,[]
data\Dataset_A\sig15_15_25\srs_15.txt,srs_15.txt,Max-SAT,solution found,0.91,38.20,21,"[3, 5, 6, 10, 11, 12, 14, 15]"
data\Dataset_A\sig15_15_25\srs_15.txt,srs_15.txt,ASP,solution found,3.88,38.20,21,"[5, 6, 10, 11, 12, 14, 15]"
data\Dataset_A\sig15_15_25\srs_150.txt,srs_150.txt,Max-SAT,solution found,1.01,37.36,23,"[2, 4, 5, 6, 8, 10, 11, 15]"
data\Dataset_A\sig15_15_25\srs_150.txt,srs_150.txt,ASP,solution found,4.06,37.36,23,"[2, 4, 5, 6, 8, 10, 11, 15]"
data\Dataset_A\sig15_15_25\srs_151.txt,srs_151.txt,Max-SAT,solution found,0.83,31.36,7,"[3, 15]"
data\Dataset_A\sig15_15_25\srs_151.txt,srs_151.txt,ASP,solution found,3.72,31.36,7,"[3, 15]"
data\Dataset_A\sig15_15_25\srs_152.txt,srs_152.txt,Max-SAT,solution found,0.87,32.45,15,"[1, 4, 7, 8, 9, 14, 15]"
data\Dataset_A\sig15_15_25\srs_152.txt,srs_152.txt,ASP,solution found,3.69,32.45,15,"[1, 4, 7, 8, 9, 14, 15]"
data\Dataset_A\sig15_15_25\srs_153.txt,srs_153.txt,Max-SAT,solution found,0.66,28.54,6,[3]
data\Dataset_A\sig15_15_25\srs_153.txt,srs_153.txt,ASP,solution found,4.00,28.54,6,"[3, 14]"
data\Dataset_A\sig15_15_25\srs_154.txt,srs_154.txt,Max-SAT,solution found,0.91,35.87,13,"[3, 4, 8]"
data\Dataset_A\sig15_15_25\srs_154.txt,srs_154.txt,ASP,solution found,3.95,35.87,13,"[3, 4, 8]"
data\Dataset_A\sig15_15_25\srs_155.txt,srs_155.txt,Max-SAT,solution found,0.70,26.60,8,"[8, 13]"
data\Dataset_A\sig15_15_25\srs_155.txt,srs_155.txt,ASP,solution found,3.14,26.60,8,"[8, 13]"
data\Dataset_A\sig15_15_25\srs_156.txt,srs_156.txt,Max-SAT,solution found,0.90,24.17,15,"[3, 6, 7, 8, 14]"
data\Dataset_A\sig15_15_25\srs_156.txt,srs_156.txt,ASP,solution found,4.00,24.17,15,"[3, 6, 7, 8, 9, 14]"
data\Dataset_A\sig15_15_25\srs_157.txt,srs_157.txt,Max-SAT,solution found,0.96,37.83,21,"[1, 2, 3, 4, 7, 8, 13, 14, 15]"
data\Dataset_A\sig15_15_25\srs_157.txt,srs_157.txt,ASP,solution found,4.52,37.83,22,"[1, 2, 3, 4, 5, 7, 10, 13, 14, 15]"
data\Dataset_A\sig15_15_25\srs_158.txt,srs_158.txt,Max-SAT,solution found,0.88,34.38,16,"[3, 9, 14, 15]"
data\Dataset_A\sig15_15_25\srs_158.txt,srs_158.txt,ASP,solution found,4.01,34.38,16,"[3, 9, 14, 15]"
data\Dataset_A\sig15_15_25\srs_159.txt,srs_159.txt,Max-SAT,solution found,0.94,29.55,23,"[4, 7, 11, 13, 14, 15]"
data\Dataset_A\sig15_15_25\srs_159.txt,srs_159.txt,ASP,solution found,4.10,29.55,23,"[4, 7, 11, 13, 14]"
data\Dataset_A\sig15_15_25\srs_16.txt,srs_16.txt,Max-SAT,solution found,0.85,29.49,13,"[4, 6, 10, 11]"
data\Dataset_A\sig15_15_25\srs_16.txt,srs_16.txt,ASP,solution found,3.60,29.49,13,"[4, 6, 10, 11]"
data\Dataset_A\sig15_15_25\srs_160.txt,srs_160.txt,Max-SAT,solution found,0.82,30.53,16,"[1, 4, 6, 10, 11]"
data\Dataset_A\sig15_15_25\srs_160.txt,srs_160.txt,ASP,solution found,3.74,30.53,17,"[1, 2, 4, 6, 10, 11]"
data\Dataset_A\sig15_15_25\srs_161.txt,srs_161.txt,Max-SAT,solution found,0.88,33.40,17,"[1, 5, 14]"
data\Dataset_A\sig15_15_25\srs_161.txt,srs_161.txt,ASP,solution found,3.76,33.40,17,"[1, 5, 10, 14]"
data\Dataset_A\sig15_15_25\srs_162.txt,srs_162.txt,Max-SAT,solution found,0.82,34.30,14,"[4, 7, 9, 10, 11, 12, 13, 15]"
data\Dataset_A\sig15_15_25\srs_162.txt,srs_162.txt,ASP,solution found,3.79,34.30,14,"[1, 11, 12, 13, 15]"
data\Dataset_A\sig15_15_25\srs_163.txt,srs_163.txt,Max-SAT,solution found,0.60,27.35,0,[]
data\Dataset_A\sig15_15_25\srs_163.txt,srs_163.txt,ASP,solution found,3.15,27.35,0,[]
data\Dataset_A\sig15_15_25\srs_164.txt,srs_164.txt,Max-SAT,solution found,0.71,32.27,7,"[7, 8]"
data\Dataset_A\sig15_15_25\srs_164.txt,srs_164.txt,ASP,solution found,4.10,32.27,7,"[7, 8]"
data\Dataset_A\sig15_15_25\srs_165.txt,srs_165.txt,Max-SAT,solution found,0.90,34.09,13,"[2, 11, 12, 13, 15]"
data\Dataset_A\sig15_15_25\srs_165.txt,srs_165.txt,ASP,solution found,4.21,34.09,13,"[2, 11, 12, 13, 15]"
data\Dataset_A\sig15_15_25\srs_166.txt,srs_166.txt,Max-SAT,solution found,0.98,32.72,22,"[4, 8, 10, 12, 14, 15]"
data\Dataset_A\sig15_15_25\srs_166.txt,srs_166.txt,ASP,solution found,4.27,32.72,22,"[4, 8, 10, 12, 14, 15]"
data\Dataset_A\sig15_15_25\srs_167.txt,srs_167.txt,Max-SAT,solution found,1.14,29.26,21,"[3, 5, 6, 7, 9, 10, 13, 14]"
data\Dataset_A\sig15_15_25\srs_167.txt,srs_167.txt,ASP,solution found,3.77,29.26,21,"[3, 5, 6, 7, 9, 10, 13, 14]"
data\Dataset_A\sig15_15_25\srs_168.txt,srs_168.txt,Max-SAT,solution found,0.77,29.61,14,"[11, 12, 13]"
data\Dataset_A\sig15_15_25\srs_168.txt,srs_168.txt,ASP,solution found,4.15,29.61,14,"[11, 12, 13]"
data\Dataset_A\sig15_15_25\srs_169.txt,srs_169.txt,Max-SAT,solution found,0.79,27.65,10,"[5, 8, 10, 11]"
data\Dataset_A\sig15_15_25\srs_169.txt,srs_169.txt,ASP,solution found,3.28,27.65,10,"[8, 9, 10, 11]"
data\Dataset_A\sig15_15_25\srs_17.txt,srs_17.txt,Max-SAT,solution found,1.06,33.05,15,"[1, 4, 6, 10, 11]"
data\Dataset_A\sig15_15_25\srs_17.txt,srs_17.txt,ASP,solution found,4.47,33.05,16,"[1, 3, 4, 10, 11, 13, 15]"
data\Dataset_A\sig15_15_25\srs_170.txt,srs_170.txt,Max-SAT,solution found,1.01,35.62,16,"[1, 7, 10, 11, 14]"
data\Dataset_A\sig15_15_25\srs_170.txt,srs_170.txt,ASP,solution found,4.56,35.62,16,"[1, 7, 10, 11, 14]"
data\Dataset_A\sig15_15_25\srs_171.txt,srs_171.txt,Max-SAT,solution found,0.84,35.32,18,"[3, 4, 6, 7, 8, 9]"
data\Dataset_A\sig15_15_25\srs_171.txt,srs_171.txt,ASP,solution found,3.84,35.32,18,"[3, 6, 7, 8, 9]"
data\Dataset_A\sig15_15_25\srs_172.txt,srs_172.txt,Max-SAT,solution found,1.00,24.68,10,"[5, 12]"
data\Dataset_A\sig15_15_25\srs_172.txt,srs_172.txt,ASP,solution found,4.98,24.68,10,"[5, 12]"
data\Dataset_A\sig15_15_25\srs_173.txt,srs_173.txt,Max-SAT,solution found,1.06,36.00,17,"[1, 5, 14]"
data\Dataset_A\sig15_15_25\srs_173.txt,srs_173.txt,ASP,solution found,4.35,36.00,17,"[1, 5, 14]"
data\Dataset_A\sig15_15_25\srs_174.txt,srs_174.txt,Max-SAT,solution found,0.85,34.12,17,"[2, 4, 5, 12, 14]"
data\Dataset_A\sig15_15_25\srs_174.txt,srs_174.txt,ASP,solution found,5.31,34.12,18,"[2, 4, 5, 11, 12, 14]"
data\Dataset_A\sig15_15_25\srs_175.txt,srs_175.txt,Max-SAT,solution found,0.72,26.90,5,[2]
data\Dataset_A\sig15_15_25\srs_175.txt,srs_175.txt,ASP,solution found,3.93,26.90,5,[2]
data\Dataset_A\sig15_15_25\srs_176.txt,srs_176.txt,Max-SAT,solution found,0.92,30.26,14,"[4, 6, 10, 13]"
data\Dataset_A\sig15_15_25\srs_176.txt,srs_176.txt,ASP,solution found,3.85,30.26,14,"[4, 6, 10, 13]"
data\Dataset_A\sig15_15_25\srs_177.txt,srs_177.txt,Max-SAT,solution found,0.89,25.13,18,"[1, 3, 6, 10, 13, 14]"
data\Dataset_A\sig15_15_25\srs_177.txt,srs_177.txt,ASP,solution found,4.08,25.13,18,"[1, 3, 6, 10, 13, 14]"
data\Dataset_A\sig15_15_25\srs_178.txt,srs_178.txt,Max-SAT,solution found,0.97,33.65,19,"[3, 4, 5, 6, 8, 11, 12, 14]"
data\Dataset_A\sig15_15_25\srs_178.txt,srs_178.txt,ASP,solution found,4.76,33.65,20,"[2, 3, 5, 7, 8, 11, 12, 14]"
data\Dataset_A\sig15_15_25\srs_179.txt,srs_179.txt,Max-SAT,solution found,0.88,31.16,16,"[2, 7, 10, 13]"
data\Dataset_A\sig15_15_25\srs_179.txt,srs_179.txt,ASP,solution found,4.93,31.16,16,"[2, 7, 10, 13]"
data\Dataset_A\sig15_15_25\srs_18.txt,srs_18.txt,Max-SAT,solution found,1.00,27.64,18,"[2, 4, 7, 14, 15]"
data\Dataset_A\sig15_15_25\srs_18.txt,srs_18.txt,ASP,solution found,4.41,27.64,18,"[2, 4, 7, 14, 15]"
data\Dataset_A\sig15_15_25\srs_180.txt,srs_180.txt,Max-SAT,solution found,1.07,36.15,22,"[1, 3, 6, 7, 11, 12, 13, 14]"
data\Dataset_A\sig15_15_25\srs_180.txt,srs_180.txt,ASP,solution found,4.33,36.15,22,"[1, 3, 6, 8, 10, 11, 13, 14]"
data\Dataset_A\sig15_15_25\srs_181.txt,srs_181.txt,Max-SAT,solution found,0.92,31.46,15,"[5, 8, 9, 14]"
data\Dataset_A\sig15_15_25\srs_181.txt,srs_181.txt,ASP,solution found,3.63,31.46,17,"[5, 8, 11, 12, 14]"
data\Dataset_A\sig15_15_25\srs_182.txt,srs_182.txt,Max-SAT,solution found,0.78,30.49,10,"[2, 3, 6, 8]"
data\Dataset_A\sig15_15_25\srs_182.txt,srs_182.txt,ASP,solution found,3.57,30.49,10,"[2, 3, 6, 8, 13]"
data\Dataset_A\sig15_15_25\srs_183.txt,srs_183.txt,Max-SAT,solution found,1.25,34.61,18,"[6, 7, 9, 11, 13]"
data\Dataset_A\sig15_15_25\srs_183.txt,srs_183.txt,ASP,solution found,4.83,34.61,20,"[3, 6, 9, 11, 13, 14]"
data\Dataset_A\sig15_15_25\srs_184.txt,srs_184.txt,Max-SAT,solution found,0.85,29.26,4,[8]
data\Dataset_A\sig15_15_25\srs_184.txt,srs_184.txt,ASP,solution found,3.24,29.26,4,[8]
data\Dataset_A\sig15_15_25\srs_185.txt,srs_185.txt,Max-SAT,solution found,0.66,28.75,6,"[7, 15]"
data\Dataset_A\sig15_15_25\srs_185.txt,srs_185.txt,ASP,solution found,3.28,28.75,6,"[7, 15]"
data\Dataset_A\sig15_15_25\srs_186.txt,srs_186.txt,Max-SAT,solution found,0.71,35.07,7,"[4, 13]"
data\Dataset_A\sig15_15_25\srs_186.txt,srs_186.txt,ASP,solution found,3.61,35.07,7,"[4, 13]"
data\Dataset_A\sig15_15_25\srs_187.txt,srs_187.txt,Max-SAT,solution found,0.80,33.05,5,"[3, 14]"
data\Dataset_A\sig15_15_25\srs_187.txt,srs_187.txt,ASP,solution found,3.69,33.05,6,"[3, 7, 14]"
data\Dataset_A\sig15_15_25\srs_188.txt,srs_188.txt,Max-SAT,solution found,0.77,30.96,13,"[1, 5, 7, 12, 13, 14]"
data\Dataset_A\sig15_15_25\srs_188.txt,srs_188.txt,ASP,solution found,3.49,30.96,13,"[5, 10, 12, 13, 14]"
data\Dataset_A\sig15_15_25\srs_189.txt,srs_189.txt,Max-SAT,solution found,1.39,34.06,12,"[6, 8, 13, 14]"
data\Dataset_A\sig15_15_25\srs_189.txt,srs_189.txt,ASP,solution found,4.88,34.06,12,"[6, 8, 13, 14]"
data\Dataset_A\sig15_15_25\srs_19.txt,srs_19.txt,Max-SAT,solution found,0.81,28.81,4,[13]
data\Dataset_A\sig15_15_25\srs_19.txt,srs_19.txt,ASP,solution found,3.29,28.81,4,"[4, 13]"
data\Dataset_A\sig15_15_25\srs_190.txt,srs_190.txt,Max-SAT,solution found,0.88,30.46,8,"[5, 13]"
data\Dataset_A\sig15_15_25\srs_190.txt,srs_190.txt,ASP,solution found,3.58,30.46,8,"[5, 13]"
data\Dataset_A\sig15_15_25\srs_191.txt,srs_191.txt,Max-SAT,solution found,0.87,29.65,17,"[3, 6, 12, 15]"
data\Dataset_A\sig15_15_25\srs_191.txt,srs_191.txt,ASP,solution found,4.31,29.65,17,"[3, 6, 12, 15]"
data\Dataset_A\sig15_15_25\srs_192.txt,srs_192.txt,Max-SAT,solution found,0.78,28.99,14,"[2, 4, 5, 10, 11, 13]"
data\Dataset_A\sig15_15_25\srs_192.txt,srs_192.txt,ASP,solution found,3.55,28.99,14,"[2, 4, 5, 10, 11, 13]"
data\Dataset_A\sig15_15_25\srs_193.txt,srs_193.txt,Max-SAT,solution found,1.07,34.45,8,"[8, 12]"
data\Dataset_A\sig15_15_25\srs_193.txt,srs_193.txt,ASP,solution found,3.84,34.45,8,"[2, 6]"
data\Dataset_A\sig15_15_25\srs_194.txt,srs_194.txt,Max-SAT,solution found,0.69,29.49,6,[7]
data\Dataset_A\sig15_15_25\srs_194.txt,srs_194.txt,ASP,solution found,3.67,29.49,6,[7]
data\Dataset_A\sig15_15_25\srs_195.txt,srs_195.txt,Max-SAT,solution found,0.86,36.45,15,"[1, 2, 4, 5]"
data\Dataset_A\sig15_15_25\srs_195.txt,srs_195.txt,ASP,solution found,4.31,36.45,15,"[1, 2, 5]"
data\Dataset_A\sig15_15_25\srs_196.txt,srs_196.txt,Max-SAT,solution found,0.96,30.59,14,"[3, 9, 10, 11, 12, 15]"
data\Dataset_A\sig15_15_25\srs_196.txt,srs_196.txt,ASP,solution found,3.57,30.59,14,"[2, 3, 9, 10, 11, 12, 15]"
data\Dataset_A\sig15_15_25\srs_197.txt,srs_197.txt,Max-SAT,solution found,0.94,35.03,18,"[1, 2, 3, 12, 14]"
data\Dataset_A\sig15_15_25\srs_197.txt,srs_197.txt,ASP,solution found,4.18,35.03,18,"[1, 2, 3, 11, 12, 14]"
data\Dataset_A\sig15_15_25\srs_198.txt,srs_198.txt,Max-SAT,solution found,0.80,30.27,10,"[4, 5, 14, 15]"
data\Dataset_A\sig15_15_25\srs_198.txt,srs_198.txt,ASP,solution found,3.75,30.27,11,"[5, 9, 14, 15]"
data\Dataset_A\sig15_15_25\srs_199.txt,srs_199.txt,Max-SAT,solution found,4.86,32.60,19,"[1, 2, 3, 5, 6, 7, 8, 12, 14]"
data\Dataset_A\sig15_15_25\srs_199.txt,srs_199.txt,ASP,solution found,3.70,32.60,19,"[1, 2, 3, 5, 6, 7, 8, 12, 14]"
data\Dataset_A\sig15_15_25\srs_2.txt,srs_2.txt,Max-SAT,solution found,0.85,33.14,18,"[3, 7, 10, 11, 14]"
data\Dataset_A\sig15_15_25\srs_2.txt,srs_2.txt,ASP,solution found,3.79,33.14,18,"[3, 7, 10, 11, 14]"
data\Dataset_A\sig15_15_25\srs_20.txt,srs_20.txt,Max-SAT,solution found,0.93,31.82,10,"[11, 12, 15]"
data\Dataset_A\sig15_15_25\srs_20.txt,srs_20.txt,ASP,solution found,3.74,31.82,10,"[11, 12, 15]"
data\Dataset_A\sig15_15_25\srs_21.txt,srs_21.txt,Max-SAT,solution found,0.94,27.75,19,"[1, 4, 5, 6, 9, 10, 13]"
data\Dataset_A\sig15_15_25\srs_21.txt,srs_21.txt,ASP,solution found,3.93,27.75,19,"[1, 5, 6, 9, 10, 13]"
data\Dataset_A\sig15_15_25\srs_22.txt,srs_22.txt,Max-SAT,solution found,0.98,33.65,14,"[2, 3, 4, 7, 14]"
data\Dataset_A\sig15_15_25\srs_22.txt,srs_22.txt,ASP,solution found,4.00,33.65,14,"[2, 4, 7, 14]"
data\Dataset_A\sig15_15_25\srs_23.txt,srs_23.txt,Max-SAT,solution found,1.01,31.42,16,"[1, 3, 4, 7, 8, 10]"
data\Dataset_A\sig15_15_25\srs_23.txt,srs_23.txt,ASP,solution found,3.54,31.42,16,"[1, 4, 7, 8, 9, 10, 15]"
data\Dataset_A\sig15_15_25\srs_24.txt,srs_24.txt,Max-SAT,solution found,0.88,28.64,12,"[5, 6, 8, 9, 14]"
data\Dataset_A\sig15_15_25\srs_24.txt,srs_24.txt,ASP,solution found,4.21,28.64,13,"[5, 6, 8, 9, 10, 14]"
data\Dataset_A\sig15_15_25\srs_25.txt,srs_25.txt,Max-SAT,solution found,1.09,33.54,4,[5]
data\Dataset_A\sig15_15_25\srs_25.txt,srs_25.txt,ASP,solution found,5.02,33.54,4,[5]
data\Dataset_A\sig15_15_25\srs_26.txt,srs_26.txt,Max-SAT,solution found,1.70,32.40,15,"[4, 6, 7, 13]"
data\Dataset_A\sig15_15_25\srs_26.txt,srs_26.txt,ASP,solution found,4.65,32.40,15,"[4, 6, 7, 13]"
data\Dataset_A\sig15_15_25\srs_27.txt,srs_27.txt,Max-SAT,solution found,1.56,36.27,16,"[1, 3, 7, 8, 13, 14]"
data\Dataset_A\sig15_15_25\srs_27.txt,srs_27.txt,ASP,solution found,5.36,36.27,17,"[3, 8, 11, 13, 14]"
data\Dataset_A\sig15_15_25\srs_28.txt,srs_28.txt,Max-SAT,solution found,0.75,33.85,9,"[2, 12]"
data\Dataset_A\sig15_15_25\srs_28.txt,srs_28.txt,ASP,solution found,4.52,33.85,9,"[2, 12]"
data\Dataset_A\sig15_15_25\srs_29.txt,srs_29.txt,Max-SAT,solution found,0.93,33.89,11,"[4, 5, 6, 8, 9, 14]"
data\Dataset_A\sig15_15_25\srs_29.txt,srs_29.txt,ASP,solution found,3.84,33.89,12,"[3, 6, 7, 8, 9, 14]"
data\Dataset_A\sig15_15_25\srs_3.txt,srs_3.txt,Max-SAT,solution found,1.17,35.43,17,"[3, 4, 7, 14]"
data\Dataset_A\sig15_15_25\srs_3.txt,srs_3.txt,ASP,solution found,5.05,35.43,17,"[3, 4, 7, 14]"
data\Dataset_A\sig15_15_25\srs_30.txt,srs_30.txt,Max-SAT,solution found,0.86,29.71,15,"[1, 4, 7, 12, 14]"
data\Dataset_A\sig15_15_25\srs_30.txt,srs_30.txt,ASP,solution found,4.67,29.71,15,"[1, 4, 7, 12, 14]"
data\Dataset_A\sig15_15_25\srs_31.txt,srs_31.txt,Max-SAT,solution found,1.05,33.80,10,"[4, 5, 6]"
data\Dataset_A\sig15_15_25\srs_31.txt,srs_31.txt,ASP,solution found,4.26,33.80,10,"[4, 5, 6]"
data\Dataset_A\sig15_15_25\srs_32.txt,srs_32.txt,Max-SAT,solution found,1.17,37.10,17,"[2, 5, 6, 11, 15]"
data\Dataset_A\sig15_15_25\srs_32.txt,srs_32.txt,ASP,solution found,4.04,37.10,17,"[2, 5, 6, 11, 15]"
data\Dataset_A\sig15_15_25\srs_33.txt,srs_33.txt,Max-SAT,solution found,1.37,33.16,17,"[4, 5, 6, 9, 10, 11, 13, 14]"
data\Dataset_A\sig15_15_25\srs_33.txt,srs_33.txt,ASP,solution found,5.35,33.16,18,"[5, 6, 11, 12, 13, 14]"
data\Dataset_A\sig15_15_25\srs_34.txt,srs_34.txt,Max-SAT,solution found,1.42,34.12,18,"[1, 4, 12, 14, 15]"
data\Dataset_A\sig15_15_25\srs_34.txt,srs_34.txt,ASP,solution found,5.90,34.12,18,"[1, 4, 12, 14, 15]"
data\Dataset_A\sig15_15_25\srs_35.txt,srs_35.txt,Max-SAT,solution found,1.14,27.72,7,"[3, 12]"
data\Dataset_A\sig15_15_25\srs_35.txt,srs_35.txt,ASP,solution found,3.30,27.72,7,"[3, 12]"
data\Dataset_A\sig15_15_25\srs_36.txt,srs_36.txt,Max-SAT,solution found,0.98,32.78,12,"[1, 10, 14]"
data\Dataset_A\sig15_15_25\srs_36.txt,srs_36.txt,ASP,solution found,4.50,32.78,12,"[1, 10, 14]"
data\Dataset_A\sig15_15_25\srs_37.txt,srs_37.txt,Max-SAT,solution found,1.44,30.24,14,"[3, 6, 7, 8]"
data\Dataset_A\sig15_15_25\srs_37.txt,srs_37.txt,ASP,solution found,3.91,30.24,14,"[3, 6, 7, 8]"
data\Dataset_A\sig15_15_25\srs_38.txt,srs_38.txt,Max-SAT,solution found,0.91,37.06,17,"[2, 7, 8, 12, 13, 14, 15]"
data\Dataset_A\sig15_15_25\srs_38.txt,srs_38.txt,ASP,solution found,3.82,37.06,17,"[2, 7, 8, 12, 13, 14, 15]"
data\Dataset_A\sig15_15_25\srs_39.txt,srs_39.txt,Max-SAT,solution found,0.95,28.91,9,"[5, 8, 12, 14]"
data\Dataset_A\sig15_15_25\srs_39.txt,srs_39.txt,ASP,solution found,4.18,28.91,9,"[5, 12, 14, 15]"
data\Dataset_A\sig15_15_25\srs_4.txt,srs_4.txt,Max-SAT,solution found,1.03,38.17,11,"[6, 7, 13]"
data\Dataset_A\sig15_15_25\srs_4.txt,srs_4.txt,ASP,solution found,5.70,38.17,11,"[6, 7, 13]"
data\Dataset_A\sig15_15_25\srs_40.txt,srs_40.txt,Max-SAT,solution found,0.89,27.43,11,"[7, 15]"
data\Dataset_A\sig15_15_25\srs_40.txt,srs_40.txt,ASP,solution found,5.04,27.43,11,"[7, 15]"
data\Dataset_A\sig15_15_25\srs_41.txt,srs_41.txt,Max-SAT,solution found,0.93,38.32,14,"[7, 8, 9, 11, 15]"
data\Dataset_A\sig15_15_25\srs_41.txt,srs_41.txt,ASP,solution found,4.66,38.32,16,"[1, 5, 6, 7, 8, 11]"
data\Dataset_A\sig15_15_25\srs_42.txt,srs_42.txt,Max-SAT,solution found,0.96,37.98,6,"[3, 6, 9]"
data\Dataset_A\sig15_15_25\srs_42.txt,srs_42.txt,ASP,solution found,3.63,37.98,6,"[3, 6, 9]"
data\Dataset_A\sig15_15_25\srs_43.txt,srs_43.txt,Max-SAT,solution found,0.76,28.03,10,"[1, 3, 11]"
data\Dataset_A\sig15_15_25\srs_43.txt,srs_43.txt,ASP,solution found,3.50,28.03,10,"[1, 3, 5, 11]"
data\Dataset_A\sig15_15_25\srs_44.txt,srs_44.txt,Max-SAT,solution found,1.06,32.93,16,"[3, 4, 5, 7, 9, 11]"
data\Dataset_A\sig15_15_25\srs_44.txt,srs_44.txt,ASP,solution found,4.35,32.93,16,"[3, 5, 7, 9, 11]"
data\Dataset_A\sig15_15_25\srs_45.txt,srs_45.txt,Max-SAT,solution found,0.85,28.99,9,"[2, 6, 10, 12]"
data\Dataset_A\sig15_15_25\srs_45.txt,srs_45.txt,ASP,solution found,3.29,28.99,10,"[3, 6, 7, 10, 11]"
data\Dataset_A\sig15_15_25\srs_46.txt,srs_46.txt,Max-SAT,solution found,1.00,32.34,17,"[1, 3, 5, 14, 15]"
data\Dataset_A\sig15_15_25\srs_46.txt,srs_46.txt,ASP,solution found,4.95,32.34,17,"[1, 3, 5, 14, 15]"
data\Dataset_A\sig15_15_25\srs_47.txt,srs_47.txt,Max-SAT,solution found,1.31,30.22,8,"[7, 8, 11, 13]"
data\Dataset_A\sig15_15_25\srs_47.txt,srs_47.txt,ASP,solution found,3.42,30.22,9,"[1, 2, 10, 11]"
data\Dataset_A\sig15_15_25\srs_48.txt,srs_48.txt,Max-SAT,solution found,1.08,33.54,17,"[3, 6, 7, 8, 15]"
data\Dataset_A\sig15_15_25\srs_48.txt,srs_48.txt,ASP,solution found,3.85,33.54,17,"[3, 6, 8, 15]"
data\Dataset_A\sig15_15_25\srs_49.txt,srs_49.txt,Max-SAT,solution found,0.88,27.25,17,"[1, 7, 9, 10, 11, 12, 15]"
data\Dataset_A\sig15_15_25\srs_49.txt,srs_49.txt,ASP,solution found,4.06,27.25,17,"[1, 7, 9, 10, 11, 12, 15]"
data\Dataset_A\sig15_15_25\srs_5.txt,srs_5.txt,Max-SAT,solution found,0.80,29.23,9,"[1, 4]"
data\Dataset_A\sig15_15_25\srs_5.txt,srs_5.txt,ASP,solution found,3.60,29.23,9,"[1, 4]"
data\Dataset_A\sig15_15_25\srs_50.txt,srs_50.txt,Max-SAT,solution found,0.86,36.33,17,"[2, 3, 4, 5, 6, 7, 8, 9]"
data\Dataset_A\sig15_15_25\srs_50.txt,srs_50.txt,ASP,solution found,3.64,36.33,17,"[2, 3, 5, 6, 7, 8, 9]"
data\Dataset_A\sig15_15_25\srs_51.txt,srs_51.txt,Max-SAT,solution found,1.15,29.35,12,"[2, 8, 11, 13]"
data\Dataset_A\sig15_15_25\srs_51.txt,srs_51.txt,ASP,solution found,3.27,29.35,12,"[2, 8, 11, 13]"
data\Dataset_A\sig15_15_25\srs_52.txt,srs_52.txt,Max-SAT,solution found,1.27,38.73,12,"[4, 5, 6, 15]"
data\Dataset_A\sig15_15_25\srs_52.txt,srs_52.txt,ASP,solution found,5.81,38.73,13,"[4, 5, 7]"
data\Dataset_A\sig15_15_25\srs_53.txt,srs_53.txt,Max-SAT,solution found,1.40,32.31,16,"[2, 3, 4, 6]"
data\Dataset_A\sig15_15_25\srs_53.txt,srs_53.txt,ASP,solution found,4.37,32.31,16,"[2, 3, 4, 6]"
data\Dataset_A\sig15_15_25\srs_54.txt,srs_54.txt,Max-SAT,solution found,1.58,31.05,13,"[5, 11, 12, 14, 15]"
data\Dataset_A\sig15_15_25\srs_54.txt,srs_54.txt,ASP,solution found,4.03,31.05,13,"[5, 11, 12, 14, 15]"
data\Dataset_A\sig15_15_25\srs_55.txt,srs_55.txt,Max-SAT,solution found,1.02,27.31,12,"[6, 8, 14]"
data\Dataset_A\sig15_15_25\srs_55.txt,srs_55.txt,ASP,solution found,4.22,27.31,12,"[6, 8, 14]"
data\Dataset_A\sig15_15_25\srs_56.txt,srs_56.txt,Max-SAT,solution found,0.90,32.69,20,"[2, 3, 5, 8, 11, 13]"
data\Dataset_A\sig15_15_25\srs_56.txt,srs_56.txt,ASP,solution found,4.05,32.69,20,"[1, 2, 5, 8, 11, 13, 14]"
data\Dataset_A\sig15_15_25\srs_57.txt,srs_57.txt,Max-SAT,solution found,0.88,32.27,11,"[3, 5, 9]"
data\Dataset_A\sig15_15_25\srs_57.txt,srs_57.txt,ASP,solution found,4.59,32.27,11,"[3, 5, 9]"
data\Dataset_A\sig15_15_25\srs_58.txt,srs_58.txt,Max-SAT,solution found,0.86,28.18,10,"[5, 6, 7]"
data\Dataset_A\sig15_15_25\srs_58.txt,srs_58.txt,ASP,solution found,4.40,28.18,10,"[5, 6, 7, 8]"
data\Dataset_A\sig15_15_25\srs_59.txt,srs_59.txt,Max-SAT,solution found,0.92,32.08,17,"[4, 7, 9, 10, 11, 14, 15]"
data\Dataset_A\sig15_15_25\srs_59.txt,srs_59.txt,ASP,solution found,3.71,32.08,18,"[3, 4, 7, 9, 11, 14]"
data\Dataset_A\sig15_15_25\srs_6.txt,srs_6.txt,Max-SAT,solution found,0.87,32.98,19,"[1, 2, 3, 4, 6, 10, 13]"
data\Dataset_A\sig15_15_25\srs_6.txt,srs_6.txt,ASP,solution found,3.72,32.98,19,"[1, 2, 3, 4, 6, 13]"
data\Dataset_A\sig15_15_25\srs_60.txt,srs_60.txt,Max-SAT,solution found,0.89,32.90,9,"[1, 8]"
data\Dataset_A\sig15_15_25\srs_60.txt,srs_60.txt,ASP,solution found,3.71,32.90,9,"[1, 8, 9]"
data\Dataset_A\sig15_15_25\srs_61.txt,srs_61.txt,Max-SAT,solution found,0.96,36.95,15,"[4, 9, 12, 13]"
data\Dataset_A\sig15_15_25\srs_61.txt,srs_61.txt,ASP,solution found,4.91,36.95,18,"[4, 6, 12, 13]"
data\Dataset_A\sig15_15_25\srs_62.txt,srs_62.txt,Max-SAT,solution found,0.81,27.90,14,"[7, 11, 13]"
data\Dataset_A\sig15_15_25\srs_62.txt,srs_62.txt,ASP,solution found,4.35,27.90,14,"[7, 11, 13]"
data\Dataset_A\sig15_15_25\srs_63.txt,srs_63.txt,Max-SAT,solution found,0.98,34.23,20,"[1, 4, 7, 8, 10, 13, 15]"
data\Dataset_A\sig15_15_25\srs_63.txt,srs_63.txt,ASP,solution found,6.25,34.23,20,"[1, 7, 8, 10, 13, 15]"
data\Dataset_A\sig15_15_25\srs_64.txt,srs_64.txt,Max-SAT,solution found,0.69,31.75,5,[13]
data\Dataset_A\sig15_15_25\srs_64.txt,srs_64.txt,ASP,solution found,3.68,31.75,5,"[3, 11, 13]"
data\Dataset_A\sig15_15_25\srs_65.txt,srs_65.txt,Max-SAT,solution found,0.99,35.29,13,"[2, 5, 7, 9, 14]"
data\Dataset_A\sig15_15_25\srs_65.txt,srs_65.txt,ASP,solution found,4.63,35.29,14,"[2, 5, 7, 8, 14]"
data\Dataset_A\sig15_15_25\srs_66.txt,srs_66.txt,Max-SAT,solution found,1.44,30.62,12,"[2, 4, 11]"
data\Dataset_A\sig15_15_25\srs_66.txt,srs_66.txt,ASP,solution found,3.55,30.62,13,"[2, 4, 9, 14]"
data\Dataset_A\sig15_15_25\srs_67.txt,srs_67.txt,Max-SAT,solution found,0.95,21.17,12,"[2, 10, 11]"
data\Dataset_A\sig15_15_25\srs_67.txt,srs_67.txt,ASP,solution found,3.74,21.17,12,"[2, 10, 11]"
data\Dataset_A\sig15_15_25\srs_68.txt,srs_68.txt,Max-SAT,solution found,0.90,31.59,10,"[2, 12, 13]"
data\Dataset_A\sig15_15_25\srs_68.txt,srs_68.txt,ASP,solution found,3.60,31.59,10,"[2, 12, 13]"
data\Dataset_A\sig15_15_25\srs_69.txt,srs_69.txt,Max-SAT,solution found,0.96,36.24,19,"[2, 7, 10, 12, 13]"
data\Dataset_A\sig15_15_25\srs_69.txt,srs_69.txt,ASP,solution found,4.52,36.24,19,"[2, 7, 10, 12, 13]"
data\Dataset_A\sig15_15_25\srs_7.txt,srs_7.txt,Max-SAT,solution found,0.90,31.30,12,"[8, 12, 15]"
data\Dataset_A\sig15_15_25\srs_7.txt,srs_7.txt,ASP,solution found,3.72,31.30,12,"[8, 12, 15]"
data\Dataset_A\sig15_15_25\srs_70.txt,srs_70.txt,Max-SAT,solution found,1.28,34.94,13,"[1, 5, 8, 12]"
data\Dataset_A\sig15_15_25\srs_70.txt,srs_70.txt,ASP,solution found,3.77,34.94,13,"[1, 5, 8, 12]"
data\Dataset_A\sig15_15_25\srs_71.txt,srs_71.txt,Max-SAT,solution found,1.27,39.71,14,"[4, 6, 10, 12]"
data\Dataset_A\sig15_15_25\srs_71.txt,srs_71.txt,ASP,solution found,3.88,39.71,16,"[2, 4, 10, 12]"
data\Dataset_A\sig15_15_25\srs_72.txt,srs_72.txt,Max-SAT,solution found,1.39,33.18,21,"[1, 2, 3, 5, 7, 9, 10, 11, 12, 14, 15]"
data\Dataset_A\sig15_15_25\srs_72.txt,srs_72.txt,ASP,solution found,4.76,33.18,21,"[1, 2, 3, 5, 7, 10, 11, 12, 14]"
data\Dataset_A\sig15_15_25\srs_73.txt,srs_73.txt,Max-SAT,solution found,0.84,32.66,16,"[1, 2, 3, 4, 5, 6, 7, 13]"
data\Dataset_A\sig15_15_25\srs_73.txt,srs_73.txt,ASP,solution found,3.91,32.66,16,"[2, 3, 4, 5, 6, 7, 13]"
data\Dataset_A\sig15_15_25\srs_74.txt,srs_74.txt,Max-SAT,solution found,0.90,32.63,17,"[6, 9, 10, 13, 14, 15]"
data\Dataset_A\sig15_15_25\srs_74.txt,srs_74.txt,ASP,solution found,3.66,32.63,17,"[2, 6, 10, 13, 14, 15]"
data\Dataset_A\sig15_15_25\srs_75.txt,srs_75.txt,Max-SAT,solution found,0.98,34.43,21,"[2, 3, 4, 8, 13, 14, 15]"
data\Dataset_A\sig15_15_25\srs_75.txt,srs_75.txt,ASP,solution found,3.92,34.43,21,"[2, 3, 4, 8, 11, 13, 14, 15]"
data\Dataset_A\sig15_15_25\srs_76.txt,srs_76.txt,Max-SAT,solution found,0.97,24.79,19,"[5, 6, 10, 11, 14, 15]"
data\Dataset_A\sig15_15_25\srs_76.txt,srs_76.txt,ASP,solution found,4.36,24.79,19,"[2, 5, 6, 10, 11, 15]"
data\Dataset_A\sig15_15_25\srs_77.txt,srs_77.txt,Max-SAT,solution found,0.86,26.76,11,"[5, 6, 9]"
data\Dataset_A\sig15_15_25\srs_77.txt,srs_77.txt,ASP,solution found,3.43,26.76,11,"[5, 6, 9]"
data\Dataset_A\sig15_15_25\srs_78.txt,srs_78.txt,Max-SAT,solution found,0.87,35.28,15,"[4, 12, 15]"
data\Dataset_A\sig15_15_25\srs_78.txt,srs_78.txt,ASP,solution found,3.72,35.28,15,"[4, 12, 15]"
data\Dataset_A\sig15_15_25\srs_79.txt,srs_79.txt,Max-SAT,solution found,0.87,34.88,14,"[2, 5, 7, 12, 13]"
data\Dataset_A\sig15_15_25\srs_79.txt,srs_79.txt,ASP,solution found,4.63,34.88,14,"[2, 5, 7, 12, 13]"
data\Dataset_A\sig15_15_25\srs_8.txt,srs_8.txt,Max-SAT,solution found,0.77,30.66,11,"[4, 5, 6, 11, 14]"
data\Dataset_A\sig15_15_25\srs_8.txt,srs_8.txt,ASP,solution found,3.69,30.66,11,"[4, 5, 6, 11, 14]"
data\Dataset_A\sig15_15_25\srs_80.txt,srs_80.txt,Max-SAT,solution found,0.88,31.92,15,"[1, 2, 3, 5, 7, 10, 11, 12, 13]"
data\Dataset_A\sig15_15_25\srs_80.txt,srs_80.txt,ASP,solution found,5.43,31.92,15,"[2, 3, 5, 7, 12, 13]"
data\Dataset_A\sig15_15_25\srs_81.txt,srs_81.txt,Max-SAT,solution found,1.08,41.11,14,"[8, 10, 12, 14]"
data\Dataset_A\sig15_15_25\srs_81.txt,srs_81.txt,ASP,solution found,4.46,41.11,18,"[1, 8, 11, 14, 15]"
data\Dataset_A\sig15_15_25\srs_82.txt,srs_82.txt,Max-SAT,solution found,0.88,21.88,7,"[2, 10]"
data\Dataset_A\sig15_15_25\srs_82.txt,srs_82.txt,ASP,solution found,3.66,21.88,8,"[4, 10]"
data\Dataset_A\sig15_15_25\srs_83.txt,srs_83.txt,Max-SAT,solution found,0.99,24.48,19,"[1, 2, 3, 7, 11, 15]"
data\Dataset_A\sig15_15_25\srs_83.txt,srs_83.txt,ASP,solution found,4.02,24.48,22,"[1, 2, 3, 4, 8, 11, 13, 15]"
data\Dataset_A\sig15_15_25\srs_84.txt,srs_84.txt,Max-SAT,solution found,0.68,30.38,4,[2]
data\Dataset_A\sig15_15_25\srs_84.txt,srs_84.txt,ASP,solution found,3.51,30.38,4,[2]
data\Dataset_A\sig15_15_25\srs_85.txt,srs_85.txt,Max-SAT,solution found,1.11,32.82,7,"[8, 11]"
data\Dataset_A\sig15_15_25\srs_85.txt,srs_85.txt,ASP,solution found,4.04,32.82,7,"[8, 11]"
data\Dataset_A\sig15_15_25\srs_86.txt,srs_86.txt,Max-SAT,solution found,1.79,28.20,14,"[3, 7, 10, 12]"
data\Dataset_A\sig15_15_25\srs_86.txt,srs_86.txt,ASP,solution found,3.66,28.20,14,"[3, 7, 8, 10, 11, 12]"
data\Dataset_A\sig15_15_25\srs_87.txt,srs_87.txt,Max-SAT,solution found,0.86,36.53,8,"[2, 6]"
data\Dataset_A\sig15_15_25\srs_87.txt,srs_87.txt,ASP,solution found,4.12,36.53,8,"[2, 6]"
data\Dataset_A\sig15_15_25\srs_88.txt,srs_88.txt,Max-SAT,solution found,0.72,30.86,7,"[3, 12]"
data\Dataset_A\sig15_15_25\srs_88.txt,srs_88.txt,ASP,solution found,4.53,30.86,8,"[3, 7, 12]"
data\Dataset_A\sig15_15_25\srs_89.txt,srs_89.txt,Max-SAT,solution found,0.87,32.72,15,"[2, 6, 14, 15]"
data\Dataset_A\sig15_15_25\srs_89.txt,srs_89.txt,ASP,solution found,4.72,32.72,15,"[1, 6, 14, 15]"
data\Dataset_A\sig15_15_25\srs_9.txt,srs_9.txt,Max-SAT,solution found,0.81,31.36,9,"[5, 9, 11]"
data\Dataset_A\sig15_15_25\srs_9.txt,srs_9.txt,ASP,solution found,3.48,31.36,9,"[5, 9, 11]"
data\Dataset_A\sig15_15_25\srs_90.txt,srs_90.txt,Max-SAT,solution found,0.87,34.28,11,"[3, 8, 13, 15]"
data\Dataset_A\sig15_15_25\srs_90.txt,srs_90.txt,ASP,solution found,3.70,34.28,11,"[3, 8, 13, 15]"
data\Dataset_A\sig15_15_25\srs_91.txt,srs_91.txt,Max-SAT,solution found,1.16,33.60,20,"[1, 2, 6, 12, 13]"
data\Dataset_A\sig15_15_25\srs_91.txt,srs_91.txt,ASP,solution found,4.12,33.60,20,"[1, 2, 6, 12, 13]"
data\Dataset_A\sig15_15_25\srs_92.txt,srs_92.txt,Max-SAT,solution found,0.88,31.42,18,"[1, 3, 5, 6, 9, 12]"
data\Dataset_A\sig15_15_25\srs_92.txt,srs_92.txt,ASP,solution found,3.83,31.42,19,"[1, 3, 5, 6, 9, 12, 15]"
data\Dataset_A\sig15_15_25\srs_93.txt,srs_93.txt,Max-SAT,solution found,0.82,27.73,11,"[1, 3, 4, 11]"
data\Dataset_A\sig15_15_25\srs_93.txt,srs_93.txt,ASP,solution found,3.70,27.73,11,"[3, 4, 10, 11]"
data\Dataset_A\sig15_15_25\srs_94.txt,srs_94.txt,Max-SAT,solution found,0.84,31.71,8,"[3, 12]"
data\Dataset_A\sig15_15_25\srs_94.txt,srs_94.txt,ASP,solution found,5.10,31.71,8,"[3, 12]"
data\Dataset_A\sig15_15_25\srs_95.txt,srs_95.txt,Max-SAT,solution found,0.92,33.79,13,"[3, 6, 14]"
data\Dataset_A\sig15_15_25\srs_95.txt,srs_95.txt,ASP,solution found,4.79,33.79,15,"[3, 6, 8, 12, 14]"
data\Dataset_A\sig15_15_25\srs_96.txt,srs_96.txt,Max-SAT,solution found,0.80,30.23,8,"[2, 4, 7]"
data\Dataset_A\sig15_15_25\srs_96.txt,srs_96.txt,ASP,solution found,3.34,30.23,9,"[2, 3, 4, 7]"
data\Dataset_A\sig15_15_25\srs_97.txt,srs_97.txt,Max-SAT,solution found,0.87,33.39,13,"[4, 6, 12]"
data\Dataset_A\sig15_15_25\srs_97.txt,srs_97.txt,ASP,solution found,4.01,33.39,14,"[4, 12, 13]"
data\Dataset_A\sig15_15_25\srs_98.txt,srs_98.txt,Max-SAT,solution found,0.93,33.35,17,"[1, 2, 3, 4, 7]"
data\Dataset_A\sig15_15_25\srs_98.txt,srs_98.txt,ASP,solution found,4.26,33.35,17,"[1, 2, 4, 7]"
data\Dataset_A\sig15_15_25\srs_99.txt,srs_99.txt,Max-SAT,solution found,0.95,35.86,23,"[3, 4, 5, 8, 9, 10, 11, 12, 13, 14]"
data\Dataset_A\sig15_15_25\srs_99.txt,srs_99.txt,ASP,solution found,5.41,35.86,24,"[2, 3, 4, 5, 10, 11, 12, 13, 14]"
data\Dataset_A\sig15_25_50\srs_0.txt,srs_0.txt,Max-SAT,solution found,1.40,36.16,21,"[1, 2, 5, 7, 8, 9, 14]"
data\Dataset_A\sig15_25_50\srs_0.txt,srs_0.txt,ASP,solution found,4.40,36.16,21,"[1, 2, 5, 7, 8, 9, 14]"
data\Dataset_A\sig15_25_50\srs_1.txt,srs_1.txt,Max-SAT,solution found,1.76,39.87,34,"[1, 2, 6, 7, 8, 9, 10, 12, 14]"
data\Dataset_A\sig15_25_50\srs_1.txt,srs_1.txt,ASP,solution found,5.10,39.87,34,"[1, 2, 6, 7, 8, 9, 10, 12, 14]"
data\Dataset_A\sig15_25_50\srs_10.txt,srs_10.txt,Max-SAT,solution found,1.20,30.83,18,"[1, 3, 4, 10, 14]"
data\Dataset_A\sig15_25_50\srs_10.txt,srs_10.txt,ASP,solution found,4.53,30.83,18,"[1, 3, 4, 10, 14]"
data\Dataset_A\sig15_25_50\srs_100.txt,srs_100.txt,Max-SAT,solution found,1.35,39.30,40,"[1, 2, 3, 4, 7, 8, 10, 12, 14, 15]"
data\Dataset_A\sig15_25_50\srs_100.txt,srs_100.txt,ASP,solution found,5.96,39.30,40,"[1, 2, 3, 4, 7, 8, 10, 12, 14, 15]"
data\Dataset_A\sig15_25_50\srs_101.txt,srs_101.txt,Max-SAT,solution found,1.70,43.46,49,"[1, 3, 5, 6, 8, 10, 11, 12, 13, 15]"
data\Dataset_A\sig15_25_50\srs_101.txt,srs_101.txt,ASP,solution found,5.66,43.46,49,"[1, 3, 5, 6, 8, 10, 11, 12, 13, 15]"
data\Dataset_A\sig15_25_50\srs_102.txt,srs_102.txt,Max-SAT,solution found,1.10,35.57,23,"[3, 6, 7, 8, 10, 14, 15]"
data\Dataset_A\sig15_25_50\srs_102.txt,srs_102.txt,ASP,solution found,4.46,35.57,25,"[3, 6, 10, 13, 14, 15]"
data\Dataset_A\sig15_25_50\srs_103.txt,srs_103.txt,Max-SAT,solution found,1.01,37.62,19,"[1, 3, 6, 8, 9, 14, 15]"
data\Dataset_A\sig15_25_50\srs_103.txt,srs_103.txt,ASP,solution found,4.24,37.62,19,"[1, 3, 6, 8, 9, 14, 15]"
data\Dataset_A\sig15_25_50\srs_104.txt,srs_104.txt,Max-SAT,solution found,1.72,42.63,35,"[2, 4, 5, 6, 7, 11, 12, 14]"
data\Dataset_A\sig15_25_50\srs_104.txt,srs_104.txt,ASP,solution found,5.25,42.63,35,"[2, 4, 5, 6, 7, 11, 12, 14]"
data\Dataset_A\sig15_25_50\srs_105.txt,srs_105.txt,Max-SAT,solution found,1.35,42.56,42,"[2, 4, 5, 6, 7, 11, 12, 13, 14]"
data\Dataset_A\sig15_25_50\srs_105.txt,srs_105.txt,ASP,solution found,6.09,42.56,42,"[2, 4, 5, 6, 7, 11, 12, 13, 14]"
data\Dataset_A\sig15_25_50\srs_106.txt,srs_106.txt,Max-SAT,solution found,1.22,41.60,35,"[2, 3, 4, 6, 7, 8, 10, 11, 12, 13, 14]"
data\Dataset_A\sig15_25_50\srs_106.txt,srs_106.txt,ASP,solution found,5.68,41.60,35,"[2, 3, 4, 6, 7, 8, 10, 11, 12, 13, 14]"
data\Dataset_A\sig15_25_50\srs_107.txt,srs_107.txt,Max-SAT,solution found,1.03,25.65,18,"[3, 7, 9, 14, 15]"
data\Dataset_A\sig15_25_50\srs_107.txt,srs_107.txt,ASP,solution found,4.22,25.65,18,"[3, 7, 9, 14, 15]"
data\Dataset_A\sig15_25_50\srs_108.txt,srs_108.txt,Max-SAT,solution found,1.11,26.19,16,"[1, 3, 5, 13]"
data\Dataset_A\sig15_25_50\srs_108.txt,srs_108.txt,ASP,solution found,4.41,26.19,16,"[2, 3, 5, 13]"
data\Dataset_A\sig15_25_50\srs_109.txt,srs_109.txt,Max-SAT,solution found,1.19,29.21,32,"[1, 10, 11, 13, 14, 15]"
data\Dataset_A\sig15_25_50\srs_109.txt,srs_109.txt,ASP,solution found,5.13,29.21,34,"[1, 4, 6, 9, 10, 13, 14, 15]"
data\Dataset_A\sig15_25_50\srs_11.txt,srs_11.txt,Max-SAT,solution found,1.66,35.51,19,"[1, 3, 4, 7, 11]"
data\Dataset_A\sig15_25_50\srs_11.txt,srs_11.txt,ASP,solution found,4.38,35.51,19,"[1, 3, 4, 7, 11]"
data\Dataset_A\sig15_25_50\srs_110.txt,srs_110.txt,Max-SAT,solution found,1.43,38.63,37,"[1, 2, 3, 4, 5, 6, 8, 9, 10, 11, 13, 14, 15]"
data\Dataset_A\sig15_25_50\srs_110.txt,srs_110.txt,ASP,solution found,6.53,38.63,37,"[1, 2, 4, 5, 6, 8, 9, 10, 11, 13, 14, 15]"
data\Dataset_A\sig15_25_50\srs_111.txt,srs_111.txt,Max-SAT,solution found,1.13,28.64,33,"[1, 2, 3, 4, 5, 7, 8, 11, 14, 15]"
data\Dataset_A\sig15_25_50\srs_111.txt,srs_111.txt,ASP,solution found,6.53,28.64,33,"[1, 2, 3, 4, 5, 6, 7, 8, 11, 14]"
data\Dataset_A\sig15_25_50\srs_112.txt,srs_112.txt,Max-SAT,solution found,1.83,39.08,34,"[1, 4, 5, 7, 9, 10, 11, 13, 14]"
data\Dataset_A\sig15_25_50\srs_112.txt,srs_112.txt,ASP,solution found,6.20,39.08,35,"[1, 4, 5, 6, 7, 9, 10, 11, 13, 14]"
data\Dataset_A\sig15_25_50\srs_113.txt,srs_113.txt,Max-SAT,solution found,1.66,42.77,27,"[3, 4, 10, 11, 14, 15]"
data\Dataset_A\sig15_25_50\srs_113.txt,srs_113.txt,ASP,solution found,5.80,42.77,27,"[3, 4, 10, 11, 14, 15]"
data\Dataset_A\sig15_25_50\srs_114.txt,srs_114.txt,Max-SAT,solution found,1.06,35.74,17,"[7, 8, 10, 13]"
data\Dataset_A\sig15_25_50\srs_114.txt,srs_114.txt,ASP,solution found,5.28,35.74,17,"[7, 8, 10, 13]"
data\Dataset_A\sig15_25_50\srs_115.txt,srs_115.txt,Max-SAT,solution found,1.27,42.62,29,"[1, 2, 3, 5, 6, 10, 11, 12]"
data\Dataset_A\sig15_25_50\srs_115.txt,srs_115.txt,ASP,solution found,4.85,42.62,29,"[1, 2, 3, 5, 6, 10, 11, 12]"
data\Dataset_A\sig15_25_50\srs_116.txt,srs_116.txt,Max-SAT,solution found,1.09,30.05,28,"[2, 4, 5, 6, 7, 10, 12, 13, 15]"
data\Dataset_A\sig15_25_50\srs_116.txt,srs_116.txt,ASP,solution found,4.67,30.05,31,"[1, 2, 4, 6, 7, 10, 11, 13, 15]"
data\Dataset_A\sig15_25_50\srs_117.txt,srs_117.txt,Max-SAT,solution found,1.14,39.68,22,"[6, 10, 12, 13, 14]"
data\Dataset_A\sig15_25_50\srs_117.txt,srs_117.txt,ASP,solution found,4.90,39.68,23,"[10, 11, 12, 13, 14, 15]"
data\Dataset_A\sig15_25_50\srs_118.txt,srs_118.txt,Max-SAT,solution found,1.27,37.61,33,"[2, 4, 8, 9, 10, 11, 13, 15]"
data\Dataset_A\sig15_25_50\srs_118.txt,srs_118.txt,ASP,solution found,5.97,37.61,34,"[2, 3, 4, 5, 8, 10, 11, 13, 15]"
data\Dataset_A\sig15_25_50\srs_119.txt,srs_119.txt,Max-SAT,solution found,1.09,38.44,28,"[1, 2, 5, 6, 8, 9, 10, 12, 13, 14]"
data\Dataset_A\sig15_25_50\srs_119.txt,srs_119.txt,ASP,solution found,4.79,38.44,28,"[2, 3, 5, 6, 8, 9, 10, 12, 13, 14]"
data\Dataset_A\sig15_25_50\srs_12.txt,srs_12.txt,Max-SAT,solution found,0.99,37.48,14,"[1, 2, 3, 11]"
data\Dataset_A\sig15_25_50\srs_12.txt,srs_12.txt,ASP,solution found,5.00,37.48,17,"[1, 2, 10, 11]"
data\Dataset_A\sig15_25_50\srs_120.txt,srs_120.txt,Max-SAT,solution found,1.57,45.14,38,"[2, 3, 4, 7, 10, 11, 13, 14]"
data\Dataset_A\sig15_25_50\srs_120.txt,srs_120.txt,ASP,solution found,5.47,45.14,38,"[2, 3, 4, 7, 10, 11, 13, 14]"
data\Dataset_A\sig15_25_50\srs_121.txt,srs_121.txt,Max-SAT,solution found,2.23,52.88,48,"[1, 2, 3, 4, 5, 6, 8, 9, 11, 12, 13, 14, 15]"
data\Dataset_A\sig15_25_50\srs_121.txt,srs_121.txt,ASP,solution found,7.29,52.88,48,"[1, 2, 3, 4, 5, 6, 8, 9, 12, 13, 14, 15]"
data\Dataset_A\sig15_25_50\srs_122.txt,srs_122.txt,Max-SAT,solution found,1.14,41.07,28,"[1, 3, 4, 5, 6, 9, 10, 12]"
data\Dataset_A\sig15_25_50\srs_122.txt,srs_122.txt,ASP,solution found,5.64,41.07,28,"[1, 3, 6, 9, 10, 12]"
data\Dataset_A\sig15_25_50\srs_123.txt,srs_123.txt,Max-SAT,solution found,1.29,38.98,38,"[3, 4, 5, 6, 7, 9, 10, 12, 13]"
data\Dataset_A\sig15_25_50\srs_123.txt,srs_123.txt,ASP,solution found,5.53,38.98,38,"[3, 4, 5, 6, 7, 9, 10, 12, 13]"
data\Dataset_A\sig15_25_50\srs_124.txt,srs_124.txt,Max-SAT,solution found,0.92,27.62,20,"[1, 3, 5, 9, 13]"
data\Dataset_A\sig15_25_50\srs_124.txt,srs_124.txt,ASP,solution found,4.34,27.62,20,"[1, 3, 5, 9, 10, 13]"
data\Dataset_A\sig15_25_50\srs_125.txt,srs_125.txt,Max-SAT,solution found,1.79,44.08,44,"[1, 2, 4, 8, 10, 11, 13, 14, 15]"
data\Dataset_A\sig15_25_50\srs_125.txt,srs_125.txt,ASP,solution found,6.75,44.08,46,"[1, 2, 4, 6, 8, 10, 11, 14, 15]"
data\Dataset_A\sig15_25_50\srs_126.txt,srs_126.txt,Max-SAT,solution found,1.37,46.92,41,"[1, 4, 5, 6, 8, 9, 10, 11, 14]"
data\Dataset_A\sig15_25_50\srs_126.txt,srs_126.txt,ASP,solution found,5.77,46.92,43,"[1, 4, 5, 6, 7, 8, 10, 11, 14]"
data\Dataset_A\sig15_25_50\srs_127.txt,srs_127.txt,Max-SAT,solution found,1.10,25.85,31,"[3, 4, 6, 8, 9, 11, 14, 15]"
data\Dataset_A\sig15_25_50\srs_127.txt,srs_127.txt,ASP,solution found,4.36,25.85,31,"[3, 4, 6, 8, 9, 11, 14, 15]"
data\Dataset_A\sig15_25_50\srs_128.txt,srs_128.txt,Max-SAT,solution found,1.45,49.40,29,"[2, 4, 5, 11, 12, 13, 14, 15]"
data\Dataset_A\sig15_25_50\srs_128.txt,srs_128.txt,ASP,solution found,5.47,49.40,30,"[3, 4, 5, 11, 12, 13, 14, 15]"
data\Dataset_A\sig15_25_50\srs_129.txt,srs_129.txt,Max-SAT,solution found,1.04,26.38,19,"[1, 3, 8, 14, 15]"
data\Dataset_A\sig15_25_50\srs_129.txt,srs_129.txt,ASP,solution found,4.87,26.38,19,"[1, 3, 8, 10, 15]"
data\Dataset_A\sig15_25_50\srs_13.txt,srs_13.txt,Max-SAT,solution found,0.98,29.73,16,"[8, 11, 13]"
data\Dataset_A\sig15_25_50\srs_13.txt,srs_13.txt,ASP,solution found,5.56,29.73,16,"[8, 11, 13]"
data\Dataset_A\sig15_25_50\srs_130.txt,srs_130.txt,Max-SAT,solution found,1.30,42.83,38,"[1, 3, 6, 7, 8, 9, 10, 11, 12, 15]"
data\Dataset_A\sig15_25_50\srs_130.txt,srs_130.txt,ASP,solution found,5.75,42.83,38,"[1, 3, 6, 7, 8, 9, 10, 11, 12, 15]"
data\Dataset_A\sig15_25_50\srs_131.txt,srs_131.txt,Max-SAT,solution found,1.23,37.91,35,"[1, 2, 3, 6, 7, 9, 10, 11, 14, 15]"
data\Dataset_A\sig15_25_50\srs_131.txt,srs_131.txt,ASP,solution found,5.01,37.91,35,"[1, 2, 3, 6, 7, 10, 11, 14, 15]"
data\Dataset_A\sig15_25_50\srs_132.txt,srs_132.txt,Max-SAT,solution found,1.71,42.09,39,"[2, 4, 5, 11, 12, 13, 14, 15]"
data\Dataset_A\sig15_25_50\srs_132.txt,srs_132.txt,ASP,solution found,5.48,42.09,39,"[2, 4, 5, 11, 12, 14, 15]"
data\Dataset_A\sig15_25_50\srs_133.txt,srs_133.txt,Max-SAT,solution found,1.53,43.91,43,"[1, 2, 3, 5, 7, 8, 9, 11, 12, 14, 15]"
data\Dataset_A\sig15_25_50\srs_133.txt,srs_133.txt,ASP,solution found,9.70,43.91,43,"[1, 2, 3, 5, 7, 8, 9, 11, 12, 14, 15]"
data\Dataset_A\sig15_25_50\srs_134.txt,srs_134.txt,Max-SAT,solution found,1.16,37.81,28,"[1, 4, 7, 8, 10, 11, 14]"
data\Dataset_A\sig15_25_50\srs_134.txt,srs_134.txt,ASP,solution found,5.23,37.81,28,"[1, 4, 7, 8, 10, 11, 14]"
data\Dataset_A\sig15_25_50\srs_135.txt,srs_135.txt,Max-SAT,solution found,1.50,46.18,39,"[2, 4, 8, 9, 11, 12, 14, 15]"
data\Dataset_A\sig15_25_50\srs_135.txt,srs_135.txt,ASP,solution found,6.75,46.18,39,"[2, 4, 8, 9, 11, 12, 14, 15]"
data\Dataset_A\sig15_25_50\srs_136.txt,srs_136.txt,Max-SAT,solution found,1.78,36.40,40,"[2, 3, 4, 5, 6, 10, 12, 13, 14, 15]"
data\Dataset_A\sig15_25_50\srs_136.txt,srs_136.txt,ASP,solution found,5.09,36.40,40,"[2, 3, 4, 5, 6, 10, 12, 13, 14, 15]"
data\Dataset_A\sig15_25_50\srs_137.txt,srs_137.txt,Max-SAT,solution found,1.62,45.11,32,"[3, 4, 5, 7, 8, 15]"
data\Dataset_A\sig15_25_50\srs_137.txt,srs_137.txt,ASP,solution found,7.10,45.11,32,"[3, 4, 5, 7, 8, 15]"
data\Dataset_A\sig15_25_50\srs_138.txt,srs_138.txt,Max-SAT,solution found,1.57,25.54,25,"[2, 3, 4, 6, 10]"
data\Dataset_A\sig15_25_50\srs_138.txt,srs_138.txt,ASP,solution found,4.07,25.54,25,"[2, 3, 4, 6, 10]"
data\Dataset_A\sig15_25_50\srs_139.txt,srs_139.txt,Max-SAT,solution found,1.38,45.28,47,"[2, 4, 7, 8, 9, 10, 11, 12, 13, 14, 15]"
data\Dataset_A\sig15_25_50\srs_139.txt,srs_139.txt,ASP,solution found,7.88,45.28,47,"[2, 4, 7, 8, 9, 10, 11, 12, 13, 14, 15]"
data\Dataset_A\sig15_25_50\srs_14.txt,srs_14.txt,Max-SAT,solution found,1.20,34.97,25,"[2, 3, 5, 6, 10, 11, 15]"
data\Dataset_A\sig15_25_50\srs_14.txt,srs_14.txt,ASP,solution found,7.25,34.97,27,"[2, 3, 5, 6, 8, 11, 15]"
data\Dataset_A\sig15_25_50\srs_140.txt,srs_140.txt,Max-SAT,solution found,1.07,36.12,20,"[4, 7, 9, 10, 13, 14]"
data\Dataset_A\sig15_25_50\srs_140.txt,srs_140.txt,ASP,solution found,4.04,36.12,22,"[4, 7, 9, 10, 12, 14]"
data\Dataset_A\sig15_25_50\srs_141.txt,srs_141.txt,Max-SAT,solution found,1.58,40.07,31,"[2, 3, 5, 6, 8, 10, 12]"
data\Dataset_A\sig15_25_50\srs_141.txt,srs_141.txt,ASP,solution found,6.81,40.07,32,"[2, 3, 5, 6, 8, 10, 12, 15]"
data\Dataset_A\sig15_25_50\srs_142.txt,srs_142.txt,Max-SAT,solution found,0.97,34.90,20,"[5, 6, 11, 12, 13, 14]"
data\Dataset_A\sig15_25_50\srs_142.txt,srs_142.txt,ASP,solution found,4.12,34.90,20,"[5, 6, 11, 12, 13, 14]"
data\Dataset_A\sig15_25_50\srs_143.txt,srs_143.txt,Max-SAT,solution found,1.41,48.46,37,"[1, 4, 6, 8, 10, 11, 13, 14, 15]"
data\Dataset_A\sig15_25_50\srs_143.txt,srs_143.txt,ASP,solution found,5.68,48.46,37,"[1, 4, 6, 8, 10, 11, 13, 14, 15]"
data\Dataset_A\sig15_25_50\srs_144.txt,srs_144.txt,Max-SAT,solution found,1.45,52.61,46,"[1, 2, 4, 5, 6, 7, 8, 10, 11, 12, 13, 14, 15]"
data\Dataset_A\sig15_25_50\srs_144.txt,srs_144.txt,ASP,solution found,6.29,52.61,46,"[1, 2, 4, 5, 6, 7, 8, 10, 12, 13, 14, 15]"
data\Dataset_A\sig15_25_50\srs_145.txt,srs_145.txt,Max-SAT,solution found,1.14,39.01,27,"[6, 7, 8, 9, 11, 12, 14]"
data\Dataset_A\sig15_25_50\srs_145.txt,srs_145.txt,ASP,solution found,4.70,39.01,27,"[6, 7, 8, 11, 12, 14]"
data\Dataset_A\sig15_25_50\srs_146.txt,srs_146.txt,Max-SAT,solution found,1.51,47.16,48,"[1, 2, 3, 4, 5, 6, 7, 9, 10, 11, 12, 14, 15]"
data\Dataset_A\sig15_25_50\srs_146.txt,srs_146.txt,ASP,solution found,6.21,47.16,48,"[1, 2, 3, 5, 6, 7, 9, 11, 12, 14, 15]"
data\Dataset_A\sig15_25_50\srs_147.txt,srs_147.txt,Max-SAT,solution found,1.44,33.51,32,"[2, 6, 7, 9, 11, 14, 15]"
data\Dataset_A\sig15_25_50\srs_147.txt,srs_147.txt,ASP,solution found,5.63,33.51,32,"[2, 6, 7, 9, 11, 14, 15]"
data\Dataset_A\sig15_25_50\srs_148.txt,srs_148.txt,Max-SAT,solution found,1.48,49.80,40,"[1, 4, 5, 6, 7, 8, 10, 11, 12, 14, 15]"
data\Dataset_A\sig15_25_50\srs_148.txt,srs_148.txt,ASP,solution found,6.26,49.80,40,"[1, 4, 5, 6, 7, 8, 10, 11, 12, 14, 15]"
data\Dataset_A\sig15_25_50\srs_149.txt,srs_149.txt,Max-SAT,solution found,1.61,34.69,31,"[2, 3, 7, 12, 13, 14]"
data\Dataset_A\sig15_25_50\srs_149.txt,srs_149.txt,ASP,solution found,5.12,34.69,31,"[2, 3, 7, 12, 13, 14]"
data\Dataset_A\sig15_25_50\srs_15.txt,srs_15.txt,Max-SAT,solution found,1.75,38.37,23,"[2, 3, 4, 8, 10]"
data\Dataset_A\sig15_25_50\srs_15.txt,srs_15.txt,ASP,solution found,4.52,38.37,23,"[2, 3, 4, 8, 15]"
data\Dataset_A\sig15_25_50\srs_150.txt,srs_150.txt,Max-SAT,solution found,1.13,31.81,20,"[5, 6, 7, 9, 10]"
data\Dataset_A\sig15_25_50\srs_150.txt,srs_150.txt,ASP,solution found,4.98,31.81,21,"[5, 6, 7, 10, 15]"
data\Dataset_A\sig15_25_50\srs_151.txt,srs_151.txt,Max-SAT,solution found,1.33,45.25,39,"[2, 3, 4, 5, 6, 8, 9, 10, 11, 15]"
data\Dataset_A\sig15_25_50\srs_151.txt,srs_151.txt,ASP,solution found,5.74,45.25,39,"[2, 3, 4, 5, 6, 8, 9, 10, 11, 15]"
data\Dataset_A\sig15_25_50\srs_152.txt,srs_152.txt,Max-SAT,solution found,1.05,37.99,25,"[5, 6, 7, 8, 10, 11, 12]"
data\Dataset_A\sig15_25_50\srs_152.txt,srs_152.txt,ASP,solution found,4.49,37.99,25,"[5, 6, 7, 8, 10, 11, 12]"
data\Dataset_A\sig15_25_50\srs_153.txt,srs_153.txt,Max-SAT,solution found,1.44,49.52,46,"[1, 2, 3, 4, 5, 6, 9, 10, 13, 15]"
data\Dataset_A\sig15_25_50\srs_153.txt,srs_153.txt,ASP,solution found,7.14,49.52,46,"[1, 2, 3, 5, 6, 9, 10, 13, 15]"
data\Dataset_A\sig15_25_50\srs_154.txt,srs_154.txt,Max-SAT,solution found,1.95,44.51,46,"[1, 3, 4, 6, 7, 9, 11, 12, 13, 14, 15]"
data\Dataset_A\sig15_25_50\srs_154.txt,srs_154.txt,ASP,solution found,5.69,44.51,46,"[1, 3, 4, 6, 7, 9, 11, 12, 13, 14, 15]"
data\Dataset_A\sig15_25_50\srs_155.txt,srs_155.txt,Max-SAT,solution found,1.12,41.52,30,"[2, 3, 6, 7, 11, 12, 13, 14]"
data\Dataset_A\sig15_25_50\srs_155.txt,srs_155.txt,ASP,solution found,5.16,41.52,30,"[2, 3, 6, 7, 11, 12, 13, 14]"
data\Dataset_A\sig15_25_50\srs_156.txt,srs_156.txt,Max-SAT,solution found,1.05,37.79,27,"[1, 4, 5, 7, 8, 9, 11, 12, 14, 15]"
data\Dataset_A\sig15_25_50\srs_156.txt,srs_156.txt,ASP,solution found,5.63,37.79,27,"[1, 4, 5, 6, 7, 12, 14, 15]"
data\Dataset_A\sig15_25_50\srs_157.txt,srs_157.txt,Max-SAT,solution found,1.26,40.98,26,"[1, 2, 3, 5, 7, 9, 10, 12, 13, 14]"
data\Dataset_A\sig15_25_50\srs_157.txt,srs_157.txt,ASP,solution found,4.93,40.98,26,"[1, 2, 3, 5, 7, 12, 13, 14]"
data\Dataset_A\sig15_25_50\srs_158.txt,srs_158.txt,Max-SAT,solution found,1.38,42.47,34,"[4, 7, 8, 9, 11, 13, 15]"
data\Dataset_A\sig15_25_50\srs_158.txt,srs_158.txt,ASP,solution found,5.41,42.47,35,"[5, 7, 8, 9, 11, 13, 15]"
data\Dataset_A\sig15_25_50\srs_159.txt,srs_159.txt,Max-SAT,solution found,1.42,43.86,40,"[1, 2, 6, 7, 8, 10, 12, 13, 14]"
data\Dataset_A\sig15_25_50\srs_159.txt,srs_159.txt,ASP,solution found,5.32,43.86,40,"[1, 2, 6, 7, 8, 10, 12, 13, 14]"
data\Dataset_A\sig15_25_50\srs_16.txt,srs_16.txt,Max-SAT,solution found,1.04,37.41,22,"[3, 6, 14]"
data\Dataset_A\sig15_25_50\srs_16.txt,srs_16.txt,ASP,solution found,4.64,37.41,22,"[3, 6, 14]"
data\Dataset_A\sig15_25_50\srs_160.txt,srs_160.txt,Max-SAT,solution found,1.18,29.12,36,"[1, 2, 3, 4, 5, 10, 11, 12, 14, 15]"
data\Dataset_A\sig15_25_50\srs_160.txt,srs_160.txt,ASP,solution found,4.78,29.12,36,"[1, 2, 3, 4, 5, 10, 11, 12, 14, 15]"
data\Dataset_A\sig15_25_50\srs_161.txt,srs_161.txt,Max-SAT,solution found,1.19,30.19,30,"[1, 2, 6, 7, 8, 9, 12, 13, 14, 15]"
data\Dataset_A\sig15_25_50\srs_161.txt,srs_161.txt,ASP,solution found,5.39,30.19,30,"[1, 2, 6, 7, 8, 9, 12, 13, 14, 15]"
data\Dataset_A\sig15_25_50\srs_162.txt,srs_162.txt,Max-SAT,solution found,1.30,45.71,39,"[1, 3, 4, 7, 11, 13, 14, 15]"
data\Dataset_A\sig15_25_50\srs_162.txt,srs_162.txt,ASP,solution found,6.05,45.71,39,"[1, 3, 4, 7, 11, 13, 14, 15]"
data\Dataset_A\sig15_25_50\srs_163.txt,srs_163.txt,Max-SAT,solution found,0.94,33.00,23,"[1, 3, 5, 7, 12, 14, 15]"
data\Dataset_A\sig15_25_50\srs_163.txt,srs_163.txt,ASP,solution found,3.86,33.00,23,"[1, 5, 7, 9, 12, 13, 14, 15]"
data\Dataset_A\sig15_25_50\srs_164.txt,srs_164.txt,Max-SAT,solution found,2.14,45.96,38,"[2, 3, 4, 6, 7, 8, 9, 10, 13, 15]"
data\Dataset_A\sig15_25_50\srs_164.txt,srs_164.txt,ASP,solution found,5.12,45.96,38,"[2, 4, 5, 6, 7, 9, 10, 13, 15]"
data\Dataset_A\sig15_25_50\srs_165.txt,srs_165.txt,Max-SAT,solution found,0.89,31.37,17,"[1, 2, 7, 10, 12]"
data\Dataset_A\sig15_25_50\srs_165.txt,srs_165.txt,ASP,solution found,3.92,31.37,17,"[1, 2, 7, 10, 12]"
